LanePointX,LanePointY
-1.646000,-6.000000
-1.646009,-6.000000
-1.645997,-6.000000
-1.644504,-6.000000
-1.644186,-6.000000
-1.643827,-6.000000
-1.643420,-6.000000
-1.642966,-6.000000
-1.642460,-6.000000
-1.641899,-6.000000
-1.641281,-6.000000
-1.640605,-6.000000
-1.639865,-6.000000
-1.639060,-6.000000
-1.638187,-6.000000
-1.637244,-6.000000
-1.636225,-6.000000
-1.635132,-6.000000
-1.604930,-6.000000
-1.602111,-6.000000
-1.599164,-6.000000
-1.596085,-6.000000
-1.592875,-6.000000
-1.589520,-6.000000
-1.586040,-6.000000
-1.582418,-6.000000
-1.578648,-6.000000
-1.574731,-6.000000
-1.570670,-6.000000
-1.566454,-6.000000
-1.562085,-6.000000
-1.557556,-6.000000
-1.552861,-6.000000
-1.453801,-6.000000
-1.445959,-6.000000
-1.437912,-6.000000
-1.429655,-6.000000
-1.421164,-6.000000
-1.412466,-6.000000
-1.403555,-6.000000
-1.394399,-6.000000
-1.385042,-6.000000
-1.375443,-6.000000
-1.365600,-6.000000
-1.355524,-6.000000
-1.345239,-6.000000
-1.334686,-6.000000
-1.323904,-6.000000
-1.115788,-6.000000
-1.100442,-6.000000
-1.084779,-6.000000
-1.068821,-6.000000
-1.052583,-6.000000
-1.036027,-6.000000
-1.019159,-6.000000
-1.001977,-6.000000
-0.984503,-6.000000
-0.966689,-6.000000
-0.948578,-6.000000
-0.930163,-6.000000
-0.911420,-6.000000
-0.892339,-6.000000
-0.872929,-6.000000
-0.515656,-6.000000
-0.490279,-6.000000
-0.464504,-6.000000
-0.438281,-6.000000
-0.411819,-6.000000
-0.384850,-6.000000
-0.357537,-6.000000
-0.329865,-6.000000
-0.301754,-6.000000
-0.273261,-6.000000
-0.244379,-6.000000
-0.215069,-6.000000
-0.185372,-6.000000
-0.155262,-6.000000
-0.124764,-6.000000
0.421782,-6.000000
0.459707,-6.000000
0.498087,-6.000000
0.536940,-6.000000
0.576242,-6.000000
0.616237,-6.000000
0.656473,-6.000000
0.697115,-6.000000
0.738283,-6.000000
0.779990,-6.000000
0.822216,-6.000000
0.864880,-6.000000
0.908068,-6.000000
0.951730,-6.000000
0.995895,-6.000000
1.772110,-6.000000
1.825049,-6.000000
1.878084,-6.000000
1.932133,-6.000000
1.986690,-6.000000
2.041841,-6.000000
2.097529,-6.000000
2.153741,-6.000000
2.210452,-6.000000
2.267796,-6.000000
2.325624,-6.000000
2.384029,-6.000000
2.442989,-6.000000
2.502441,-6.000000
2.562449,-6.000000
3.596524,-6.000000
3.665846,-6.000000
3.735609,-6.000000
3.806017,-6.000000
3.876800,-6.000000
3.948147,-6.000000
4.020061,-6.000000
4.092557,-6.000000
4.165592,-6.000000
4.239183,-6.000000
4.313287,-6.000000
4.387994,-6.000000
4.463186,-6.000000
4.538942,-6.000000
4.615303,-6.000000
5.909484,-6.000000
5.994829,-6.000000
6.080857,-6.000000
6.167696,-6.000000
6.255178,-6.000000
6.342684,-6.000000
6.430405,-6.000000
6.519189,-6.000000
6.608452,-6.000000
6.698215,-6.000000
6.788524,-6.000000
6.879398,-6.000000
6.970864,-6.000000
7.062836,-6.000000
7.155318,-6.000000
8.708926,-6.000000
8.810635,-6.000000
8.913483,-6.000000
9.015819,-6.000000
9.119036,-6.000000
9.222800,-6.000000
9.326934,-6.000000
9.431555,-6.000000
9.536795,-6.000000
9.642501,-6.000000
9.748688,-6.000000
9.855378,-6.000000
9.962630,-6.000000
10.070241,-6.000000
10.178356,-6.000000
11.965229,-6.000000
12.080378,-6.000000
12.195708,-6.000000
12.312358,-6.000000
12.427564,-6.000000
12.544773,-6.000000
12.660749,-6.000000
12.777857,-6.000000
12.895212,-6.000000
13.012902,-6.000000
13.130964,-6.000000
13.249247,-6.000000
13.367823,-6.000000
13.486706,-6.000000
13.606001,-6.000000
15.548641,-6.000000
15.672823,-6.000000
15.796079,-6.000000
15.919031,-6.000000
16.042829,-6.000000
16.168819,-6.000000
16.291456,-6.000000
16.415925,-6.000000
16.539565,-6.000000
16.664261,-6.000000
16.789035,-6.000000
16.913877,-6.000000
17.040275,-6.000000
17.165636,-6.000000
17.290783,-6.000000
19.306912,-6.000000
19.433502,-6.000000
19.560278,-6.000000
19.686827,-6.000000
19.813705,-6.000000
19.939631,-6.000000
20.066006,-6.000000
20.192540,-6.000000
20.319165,-6.000000
20.445715,-6.000000
20.572096,-6.000000
20.698668,-6.000000
20.825063,-6.000000
20.951615,-6.000000
21.079054,-6.000000
23.099572,-6.000000
23.224517,-6.000000
23.350569,-6.000000
23.476627,-6.000000
23.602644,-6.000000
23.728734,-6.000000
23.854554,-6.000000
23.980659,-6.000000
24.106502,-6.000000
24.232401,-6.000000
24.358221,-6.000000
24.484095,-6.000000
24.609939,-6.000000
24.735823,-6.000000
24.861780,-6.000000
26.872709,-6.000000
26.998223,-6.000000
27.123085,-6.000000
27.249051,-6.000000
27.374949,-6.000000
27.500309,-6.000000
27.625732,-6.000000
27.751007,-6.000000
27.876339,-6.000000
28.001510,-6.000000
28.126359,-6.000000
28.251475,-6.000000
28.376743,-6.000000
28.501806,-6.000000
28.627064,-6.000000
30.628585,-6.000000
30.753145,-6.000000
30.877759,-6.000000
31.003118,-6.000000
31.127180,-6.000000
31.251966,-6.000000
31.376707,-6.000000
31.501321,-6.000000
31.626941,-6.000000
31.751654,-6.000000
31.876332,-6.000000
32.000175,-6.000000
32.124691,-6.000000
32.249329,-6.000000
32.373923,-6.000000
34.365042,-6.000000
34.489321,-6.000000
34.613395,-6.000000
34.737592,-6.000000
34.861721,-6.000000
34.985910,-6.000000
35.110161,-6.000000
35.234522,-6.000000
35.359730,-6.000000
35.483790,-6.000000
35.607869,-6.000000
35.730874,-6.000000
35.854699,-6.000000
35.978989,-6.000000
36.103548,-6.000000
38.084752,-6.000000
38.207610,-6.000000
38.332151,-6.000000
38.455154,-6.000000
38.578606,-6.000000
38.702181,-6.000000
38.825613,-6.000000
38.949958,-6.000000
39.073391,-6.000000
39.196126,-6.000000
39.319607,-6.000000
39.443027,-6.000000
39.566626,-6.000000
39.689802,-6.000000
39.813157,-6.000000
41.784652,-6.000000
41.907823,-6.000000
42.030834,-6.000000
42.153736,-6.000000
42.276721,-6.000000
42.399651,-6.000000
42.522586,-6.000000
42.645652,-6.000000
42.768500,-6.000000
42.891379,-6.000000
43.014366,-6.000000
43.137169,-6.000000
43.260089,-6.000000
43.382893,-6.000000
43.505550,-6.000000
45.467314,-6.000000
45.589741,-6.000000
45.712215,-6.000000
45.834856,-6.000000
45.957133,-6.000000
46.079398,-6.000000
46.201908,-6.000000
46.324174,-6.000000
46.446428,-6.000000
46.568744,-6.000000
46.690895,-6.000000
46.813092,-6.000000
46.935330,-6.000000
47.057618,-6.000000
47.179662,-6.000000
49.132047,-6.000000
49.253809,-6.000000
49.375748,-6.000000
49.497504,-6.000000
49.619112,-6.000000
49.740930,-6.000000
49.862583,-6.000000
49.984308,-6.000000
50.106020,-6.000000
50.227708,-6.000000
50.349359,-6.000000
50.471036,-6.000000
50.592732,-6.000000
50.714395,-6.000000
50.835925,-6.000000
52.803691,-5.999686
52.928314,-5.999446
53.053305,-5.999157
53.178419,-5.998803
53.303887,-5.998389
53.429378,-5.997901
53.555205,-5.997342
53.681212,-5.996699
53.807439,-5.995975
53.933804,-5.995156
54.060465,-5.994246
54.187217,-5.993232
54.314282,-5.992115
54.442184,-5.990876
54.569078,-5.989537
56.635725,-5.947766
56.766509,-5.943612
56.897624,-5.939244
57.028971,-5.934650
57.160494,-5.929834
57.292255,-5.924780
57.424131,-5.919495
57.555984,-5.913972
57.688225,-5.908195
57.820687,-5.902158
57.953367,-5.895864
58.086165,-5.889301
58.219268,-5.882465
58.352561,-5.875346
58.485955,-5.867951
60.645720,-5.706016
60.782287,-5.692853
60.918912,-5.679312
61.055627,-5.665375
61.192841,-5.651002
61.330037,-5.636231
61.467204,-5.621066
61.604658,-5.605459
61.742314,-5.589420
61.880230,-5.572927
62.017977,-5.556033
62.156364,-5.538625
62.294156,-5.520859
62.432485,-5.502578
62.571017,-5.483824
64.804089,-5.114973
64.944536,-5.087300
65.085028,-5.059057
65.225763,-5.030190
65.366477,-5.000753
65.507340,-4.970696
65.648139,-4.940064
65.789137,-4.908787
65.930142,-4.876907
66.071142,-4.844411
66.212308,-4.811263
66.353499,-4.777477
66.494757,-4.743046
66.636051,-4.707962
66.777416,-4.672215
69.040760,-4.005699
69.182013,-3.957832
69.323323,-3.909163
69.464460,-3.859756
69.605597,-3.809551
69.746894,-3.758472
69.887799,-3.706718
70.029509,-3.653832
70.170294,-3.600454
70.311239,-3.546165
70.450830,-3.491552
70.591621,-3.435607
70.731891,-3.378999
70.873467,-3.320972
71.013404,-3.262723
73.229873,-2.212259
73.367175,-2.138619
73.503033,-2.064685
73.639070,-1.989571
73.775016,-1.913414
73.910548,-1.836377
74.045732,-1.758422
74.180780,-1.679410
74.315199,-1.599625
74.449403,-1.518810
74.583367,-1.436974
74.716833,-1.354257
74.849918,-1.270587
74.983644,-1.185293
75.114217,-1.100745
77.059055,0.305282
77.171567,0.394803
83.239828,6.248203
83.322183,6.337649
83.404288,6.426994
83.486256,6.516351
83.568114,6.605752
83.649696,6.695004
83.731384,6.784498
83.813040,6.874093
83.894767,6.963888
85.208471,8.429887
85.290781,8.523514
85.373185,8.617495
85.455617,8.711777
85.537984,8.806247
85.620276,8.900915
85.703233,8.996628
85.785524,9.091877
85.867373,9.186905
85.949548,9.282627
86.031773,9.378717
86.114722,9.475990
86.196604,9.572341
86.278470,9.669020
86.360400,9.766117
87.663911,11.365702
87.744470,11.468456
87.824974,11.571648
87.905254,11.675090
87.985488,11.779003
88.065511,11.883200
88.145404,11.987779
88.225116,12.092698
88.304726,12.198057
88.384128,12.303740
88.463395,12.409838
88.542532,12.516384
88.621394,12.623178
88.700080,12.730378
88.778619,12.838019
90.003470,14.613500
90.077869,14.728105
90.151844,14.842935
90.225523,14.958216
90.298978,15.074054
90.372050,15.190232
90.444806,15.306847
90.517263,15.423957
90.589321,15.541396
90.661044,15.659297
90.732629,15.777980
90.803482,15.896491
90.874128,16.015697
90.944498,16.135517
91.014386,16.255596
92.075999,18.239097
92.138865,18.367864
92.200326,18.495238
92.261654,18.623858
92.322828,18.753707
92.383245,18.883551
92.442666,19.012847
92.501857,19.143286
92.560601,19.274406
92.618722,19.405851
92.676307,19.537818
92.733289,19.670190
92.790100,19.803980
92.845941,19.937357
92.901248,20.071339
93.696276,22.271702
93.740086,22.413097
93.783150,22.554917
93.825400,22.696985
93.866936,22.839627
93.907766,22.982940
93.947765,23.126493
93.986906,23.270230
94.025607,23.415708
94.063151,23.560322
94.099614,23.704269
94.135820,23.850880
94.170818,23.996366
94.205017,24.142429
94.238285,24.288500
94.649973,26.684473
94.667557,26.836808
94.684183,26.989834
94.699788,27.143146
94.714329,27.296309
94.727851,27.449900
94.740348,27.603896
94.751784,27.758048
94.762179,27.912628
94.771493,28.067287
94.779742,28.222295
94.786905,28.377522
94.792988,28.533120
94.797960,28.688784
94.801838,28.844760
94.706928,31.362414
94.690806,31.520690
94.673460,31.679043
94.654848,31.837425
94.634997,31.995862
94.613828,32.154593
94.591453,32.312985
94.567779,32.471411
94.542862,32.629694
94.516606,32.788162
94.489100,32.946446
94.460263,33.104792
94.430162,33.262990
94.398748,33.421089
94.366036,33.579167
93.663504,36.086477
93.608337,36.241115
93.551862,36.395421
93.494009,36.549481
93.434866,36.703134
93.374395,36.856383
93.312624,37.009232
93.249492,37.161737
93.185062,37.313816
93.119307,37.465439
93.052171,37.616806
92.983752,37.767600
92.914013,37.917972
92.842917,38.067918
92.770539,38.217340
91.434783,40.531744
91.340418,40.670832
91.245253,40.807971
91.149331,40.943415
91.052887,41.076526
90.955667,41.208031
90.857847,41.337430
90.759472,41.465023
90.660768,41.590296
90.561107,41.714385
90.460736,41.836736
90.360713,41.956394
90.260131,42.074270
90.158673,42.191021
90.056879,42.305807
88.395899,43.954506
88.292591,44.046937
88.189120,44.138558
88.085225,44.229655
87.981620,44.319594
87.877923,44.408771
87.774421,44.496935
87.670868,44.584352
87.567560,44.670770
87.464268,44.756435
87.361192,44.841179
87.258014,44.925312
87.155099,45.008533
87.052167,45.091116
86.949409,45.172903
85.319943,46.396954
85.219014,46.468950
85.118301,46.540407
85.017539,46.611541
84.917041,46.682126
84.816551,46.752367
84.716231,46.822147
84.615483,46.891904
84.515405,46.960871
84.415260,47.029582
84.315793,47.097524
84.215276,47.165897
84.116005,47.233131
84.016517,47.300246
83.916981,47.367117
82.336886,48.397762
82.238801,48.460091
82.140805,48.522195
82.042848,48.584118
81.944947,48.645845
81.847075,48.707406
81.749164,48.768838
81.651774,48.829803
81.554287,48.890685
81.456654,48.951524
81.359283,49.012064
81.261403,49.072793
81.164854,49.132567
81.067050,49.192997
80.969929,49.252882
79.423983,50.192155
79.327786,50.249853
79.231743,50.307380
79.135661,50.364860
79.038978,50.422626
78.942933,50.479941
78.847004,50.537118
78.751004,50.594272
78.655192,50.651248
78.559320,50.708199
78.463394,50.765118
78.367698,50.821843
78.271938,50.878545
78.175984,50.935307
78.080701,50.991615
76.553739,51.887480
76.458259,51.943147
76.362771,51.998782
76.267192,52.054437
76.171627,52.110048
76.075987,52.165671
75.980386,52.221238
75.884831,52.276749
75.789209,52.332265
75.693458,52.387829
75.597675,52.443380
75.501940,52.498876
75.405581,52.554705
75.310217,52.609930
75.214340,52.665426
73.670129,53.556006
73.574306,53.611070
73.477803,53.666500
73.381394,53.721866
73.285071,53.777165
73.188685,53.832499
73.092440,53.887743
72.996234,53.942972
72.900098,53.998161
72.804012,54.053338
72.708088,54.108431
72.612143,54.163561
72.516391,54.218598
72.420651,54.273662
72.325065,54.328664
70.809591,55.208756
70.715867,55.263918
70.622361,55.319058
70.528965,55.374257
70.435691,55.429499
70.342492,55.484830
70.249547,55.540135
70.156571,55.595601
70.063926,55.651003
69.971324,55.706531
69.878885,55.762105
69.786213,55.817979
69.694737,55.873285
69.602779,55.929051
69.511091,55.984815
68.067454,56.889244
67.978782,56.946698
67.890460,57.004171
67.802285,57.061813
67.714403,57.119520
67.626701,57.177383
67.539258,57.235340
67.451947,57.293495
67.364972,57.351701
67.278104,57.410131
67.191557,57.468629
67.105209,57.527298
67.019103,57.586098
66.933227,57.645055
66.847635,57.704123
65.513291,58.671058
65.432209,58.732988
65.351530,58.795010
65.271082,58.857278
65.190996,58.919677
65.111164,58.982313
65.031677,59.045101
64.952437,59.108140
64.873599,59.171294
64.794963,59.234745
64.716838,59.298230
64.638823,59.362094
64.561169,59.426124
64.484121,59.490135
64.407266,59.554455
63.225880,60.611920
63.155198,60.679873
63.085039,60.747914
63.015134,60.816327
62.945828,60.884759
62.876895,60.953453
62.808383,61.022347
62.740212,61.091546
62.672522,61.160893
62.605231,61.230495
62.538361,61.300312
62.471904,61.370380
62.405618,61.440938
62.340371,61.511088
62.275317,61.581712
61.297765,62.741304
61.240868,62.815542
61.184486,62.889969
61.128595,62.964650
61.073275,63.039440
61.018414,63.114542
60.964155,63.189708
60.910410,63.265127
60.856817,63.341240
60.804442,63.416616
60.752342,63.492511
60.700696,63.568755
60.649607,63.645124
60.599125,63.721624
60.549166,63.798299
59.825610,65.048203
59.784978,65.127784
59.744987,65.207246
59.705471,65.287001
59.666519,65.366762
59.628033,65.446827
59.590104,65.526896
59.552665,65.607206
59.515702,65.687677
59.479333,65.768151
59.443305,65.849070
59.407851,65.930024
59.372857,66.011151
59.338477,66.092197
59.304463,66.173618
58.826762,67.490805
58.800810,67.574364
58.775308,67.657963
58.750246,67.741813
58.725627,67.825713
58.701463,67.909801
58.677716,67.994020
58.654443,68.078354
58.631588,68.162794
58.609165,68.247497
58.587189,68.332188
58.565640,68.417158
58.544513,68.502194
58.523679,68.588056
58.503547,68.672834
58.239902,70.064876
58.228694,70.157324
58.218626,70.251637
58.209516,70.346920
58.201599,70.443974
58.194662,70.542164
58.188505,70.640722
58.183076,70.739566
58.178233,70.838927
58.174050,70.937712
58.170403,71.036629
58.167339,71.135647
58.164795,71.234539
58.162820,71.333481
58.161352,71.432345
58.208974,73.002847
58.216299,73.100348
58.224141,73.198404
58.232466,73.295716
58.241201,73.392349
58.250595,73.490373
58.261153,73.588432
58.272744,73.687282
58.285867,73.787412
58.300133,73.887922
58.316052,73.989947
58.333085,74.091859
58.351842,74.195529
58.371907,74.300085
58.393546,74.405405
58.923475,76.159116
58.967308,76.270896
59.012468,76.382930
59.058589,76.494703
59.106013,76.606703
59.154452,76.718590
59.204109,76.830524
59.254710,76.942201
59.306518,77.053930
59.359281,77.165443
59.413165,77.276843
59.467969,77.387973
59.523899,77.499029
59.580712,77.609749
59.638145,77.719917
60.612282,79.381678
60.676192,79.479123
60.740237,79.575563
60.804706,79.671372
60.869494,79.766469
60.934621,79.860822
61.000030,79.954422
61.065832,80.047380
61.131829,80.139545
61.198156,80.231075
61.264698,80.321912
61.331570,80.412171
61.399181,80.502478
61.466413,80.591316
61.534070,80.679801
62.650131,82.014212
62.721753,82.092233
62.793846,82.169930
62.866348,82.247162
62.938940,82.323651
63.011843,82.399569
63.085052,82.474968
63.158409,82.549622
63.231942,82.623623
63.305854,82.697112
63.380086,82.770089
63.454379,82.842242
63.529215,82.914107
63.603721,82.984791
63.678875,83.055293
64.905871,84.098424
64.984254,84.158708
65.062701,84.218363
65.141411,84.277494
65.220167,84.335994
65.299260,84.394030
65.378332,84.451396
65.457683,84.508262
65.538266,84.564911
65.619559,84.621086
65.702308,84.677029
65.786097,84.732616
65.871421,84.787953
65.957704,84.842833
66.045499,84.897415
67.593129,85.714077
67.697808,85.762424
67.802892,85.810295
67.908874,85.857961
68.015783,85.905412
68.123254,85.952524
68.231599,85.999417
68.340580,86.046023
68.450295,86.092368
68.560548,86.138404
68.671623,86.184235
68.783346,86.229820
68.895750,86.275159
69.008366,86.320095
69.121357,86.364738
70.919021,87.018793
71.030281,87.055662
71.141364,87.092032
71.252394,87.127928
71.363240,87.163318
71.473901,87.198186
71.584506,87.232581
71.694911,87.266445
71.805156,87.299798
71.915402,87.332675
72.025337,87.364991
72.135253,87.396818
72.245004,87.428124
72.354592,87.458892
72.463957,87.489117
74.194109,87.899072
74.300924,87.919949
74.407436,87.940234
74.513849,87.959951
74.619994,87.979082
74.726162,87.997662
74.831892,88.015623
74.937601,88.033021
75.043067,88.049831
75.148376,88.066051
75.253396,88.081674
75.358453,88.096732
75.463179,88.111184
75.567653,88.125027
75.671991,88.138293
77.311256,88.268860
77.411099,88.271867
77.511660,88.274320
77.611776,88.276137
77.711457,88.277367
77.810887,88.277977
77.910291,88.277785
78.010624,88.276836
78.111853,88.275074
78.213539,88.272563
78.316337,88.269244
78.419639,88.265187
78.523951,88.260332
78.628957,88.254745
78.734676,88.248388
80.512020,88.053051
80.627512,88.035536
80.743494,88.017439
80.859787,87.998820
80.976617,87.979628
81.093713,87.959937
81.210797,87.939835
81.327692,87.919359
81.444347,87.898542
81.560910,87.877352
81.677014,87.855870
81.792818,87.834056
81.908459,87.811896
82.023617,87.789436
82.138364,87.766674
83.926948,87.356598
84.035721,87.327964
84.143892,87.299032
84.251738,87.269715
84.359285,87.240015
84.466403,87.209952
84.573131,87.179526
84.679524,87.148706
84.785383,87.117559
84.890921,87.086009
84.996384,87.053992
85.100672,87.021825
85.204883,86.989188
85.308787,86.956133
85.412261,86.922710
87.009678,86.335281
87.106068,86.295100
87.201604,86.254693
87.296759,86.213849
87.391303,86.172680
87.485565,86.131027
87.579211,86.089049
87.672730,86.046511
87.765333,86.003787
87.857530,85.960626
87.949091,85.917159
88.040458,85.873147
88.131158,85.828848
88.221056,85.784292
88.310768,85.739221
89.697828,84.949194
89.784816,84.892848
89.872251,84.835378
89.959774,84.777077
90.047648,84.717734
90.135696,84.657523
90.224074,84.596303
90.312550,84.534287
90.401349,84.471286
90.490206,84.407538
90.579454,84.342777
90.668667,84.277359
90.757996,84.211148
90.847457,84.144182
90.937210,84.076314
92.385880,82.899195
92.476960,82.820638
92.567565,82.742062
92.658129,82.663099
92.748297,82.584081
92.838189,82.504894
92.927619,82.425720
93.016734,82.346410
93.105410,82.267091
93.193698,82.187698
93.281534,82.108300
93.369034,82.028773
93.456066,81.949249
93.542658,81.869681
93.629285,81.789644
94.948067,80.507015
95.026650,80.426182
95.104703,80.345337
95.182351,80.264327
95.259477,80.183290
95.336432,80.101831
95.412649,80.020562
95.487994,79.939612
95.563188,79.858224
95.637835,79.776801
95.711996,79.695291
95.785754,79.613579
95.858927,79.531881
95.931627,79.450052
96.003713,79.368267
97.087116,78.046364
97.150303,77.962926
97.212834,77.879550
97.274838,77.796038
97.336232,77.712524
97.397123,77.628835
97.457395,77.545152
97.517134,77.461329
100.257623,72.104075
100.301450,71.991600
100.344859,71.879531
100.388023,71.767404
100.431043,71.654983
100.473573,71.543133
100.515772,71.431469
100.557656,71.319911
100.598976,71.209144
100.640169,71.097963
100.681018,70.986969
100.721547,70.876052
100.761687,70.765427
101.354239,69.015634
101.387991,68.907537
101.421307,68.799709
101.454232,68.691953
101.486729,68.584428
101.518836,68.476945
101.550494,68.369744
101.581755,68.262590
101.612579,68.155658
101.642976,68.048855
101.672932,67.942272
101.702478,67.835738
101.731582,67.729408
101.760339,67.622871
101.788504,67.517068
102.177707,65.843501
102.198020,65.740318
102.217839,65.637391
102.237183,65.534536
102.256039,65.431880
102.274413,65.329308
102.292254,65.227165
102.309621,65.125044
102.326474,65.023241
102.342841,64.921491
102.358703,64.819990
102.374055,64.718670
102.388903,64.617571
102.403249,64.516579
102.417079,64.415870
102.571579,62.734116
102.577304,62.623994
102.582605,62.513119
102.587486,62.402019
102.591952,62.290287
102.596025,62.178065
102.599687,62.065441
102.602967,61.952451
102.605858,61.838878
102.608381,61.724954
102.610525,61.610567
102.612313,61.495873
102.613738,61.380674
102.614820,61.265210
102.615551,61.149271
102.585850,59.260672
102.581641,59.140738
102.577172,59.020549
102.572464,58.900246
102.567501,58.779557
102.562306,58.658742
102.556869,58.537666
102.551204,58.416315
102.545314,58.294901
102.539208,58.173311
102.532876,58.051427
102.526336,57.929335
102.519581,57.807013
102.512628,57.684507
102.505463,57.561660
102.367478,55.568132
102.357631,55.441693
102.347666,55.315056
102.337590,55.188128
102.327413,55.061099
102.317138,54.933805
102.306757,54.806222
102.296300,54.678525
102.285753,54.550605
102.275125,54.422392
102.264417,54.293957
102.253653,54.165403
102.242816,54.036572
102.231925,53.907522
102.220974,53.778231
102.042921,51.679483
102.031899,51.546448
102.020907,51.413059
102.009978,51.279524
101.999095,51.145688
101.988292,51.011776
101.977544,50.877525
101.966880,50.743116
101.956287,50.608400
101.945784,50.473461
101.935372,50.338323
101.925062,50.202956
101.914843,50.067241
101.904756,49.931526
101.894774,49.795492
101.755863,47.586763
101.748808,47.446816
101.741974,47.306557
101.735383,47.166138
101.729022,47.025325
101.722922,46.884429
101.717068,46.743227
101.711483,46.601833
101.706161,46.460179
101.701121,46.318382
101.696352,46.176126
101.691885,46.033928
101.687748,45.891871
101.683931,45.749774
101.680439,45.607329
101.664982,43.379552
101.666150,43.242463
101.667533,43.105720
101.669119,42.969011
101.670909,42.832620
101.672888,42.696524
101.675044,42.560218
101.677377,42.423906
101.679880,42.287390
101.682566,42.150551
101.685423,42.013707
101.688468,41.876680
101.691699,41.739361
101.695129,41.601856
101.698755,41.464157
101.789199,39.231833
101.797202,39.090604
101.805520,38.949111
101.814201,38.806830
101.823169,38.664987
101.832436,38.523556
101.842075,38.381404
101.852069,38.239014
101.862426,38.096271
101.873136,37.953513
101.884215,37.810523
101.895677,37.667295
101.907515,37.523906
101.919743,37.380385
101.932374,37.236548
102.193904,34.912960
102.214318,34.766437
102.235250,34.619762
102.256727,34.472855
102.278728,34.325859
102.301271,34.178759
102.324364,34.031499
102.348018,33.884105
102.372232,33.736579
102.397013,33.588978
102.422387,33.441145
102.448339,33.293261
102.474927,33.145001
102.502037,32.997081
102.529787,32.848850
103.063085,30.461846
103.102372,30.311940
103.142456,30.161763
103.183256,30.011696
103.224812,29.861581
103.267219,29.711147
103.310288,29.561069
103.354178,29.410841
103.398889,29.260469
103.444385,29.110143
103.490698,28.959751
103.537811,28.809411
103.585779,28.658952
103.634562,28.508553
103.684197,28.358106
104.600141,25.953038
104.665434,25.803138
104.731673,25.653437
104.798890,25.503897
104.867156,25.354372
104.936407,25.205049
105.006661,25.055892
105.077965,24.906843
105.150317,24.757921
105.223674,24.609250
105.298095,24.460706
105.373590,24.312331
105.450150,24.164119
105.527752,24.016193
105.606479,23.868355
107.018756,21.538817
107.116858,21.396031
107.216164,21.253576
107.316720,21.111457
107.418316,20.969925
107.521125,20.828802
107.625138,20.688062
107.730319,20.547817
107.836652,20.408047
107.944656,20.268144
108.053653,20.128957
108.162774,19.991632
108.273761,19.853913
108.385954,19.716707
108.499341,19.579989
110.440591,17.520874
110.566512,17.404694
110.692594,17.290191
110.819044,17.177058
110.945542,17.065514
111.072415,16.955136
111.199806,16.845708
111.327812,16.737106
111.456645,16.629120
111.586200,16.521839
111.716558,16.415186
111.847738,16.309161
111.979734,16.203763
112.112521,16.099038
112.246266,15.994842
114.497445,14.426102
114.645020,14.334843
114.793572,14.244328
114.942990,14.154670
115.093212,14.065878
115.244144,13.978050
115.395896,13.891089
115.548540,13.804999
115.701896,13.719852
115.856019,13.635661
116.010993,13.552348
116.166718,13.470012
116.323127,13.388657
116.480354,13.308255
116.638348,13.228803
119.248458,12.107137
119.412407,12.049151
119.575796,11.992945
119.738971,11.938248
119.901425,11.885247
120.063779,11.833641
120.225482,11.783564
120.386907,11.734792
120.547603,11.687412
120.708092,11.641188
120.867824,11.596258
121.027239,11.552436
121.186020,11.509793
121.344361,11.468223
121.502077,11.427763
123.960548,10.902546
124.110572,10.876091
124.259899,10.850323
124.409010,10.825125
124.558253,10.800406
124.707345,10.776210
124.856763,10.752442
125.006348,10.729138
125.156348,10.706251
125.306433,10.683846
125.456943,10.661870
125.607687,10.640364
125.758736,10.619318
125.909990,10.598760
126.061728,10.578654
128.526005,10.329241
128.682164,10.318586
128.838782,10.308541
128.995693,10.299136
129.152878,10.290371
129.310148,10.282274
129.467888,10.274824
129.625728,10.268056
129.783875,10.261961
129.942191,10.256560
130.100918,10.251847
130.259733,10.247847
130.418820,10.244556
130.578216,10.241989
130.737738,10.240151
133.319243,10.317198
133.482046,10.329101
133.645168,10.341900
133.808317,10.355587
133.971631,10.370177
134.135217,10.385694
134.298742,10.402110
134.462477,10.419468
134.626248,10.437750
134.790275,10.456998
134.954270,10.477181
135.118404,10.498335
135.282711,10.520468
135.447050,10.543577
135.610503,10.567572
138.112783,11.054672
138.262396,11.090336
138.410960,11.126419
138.559056,11.163022
138.706378,11.200069
138.853080,11.237561
138.998908,11.275430
139.144470,11.313800
139.289005,11.352471
139.433094,11.391562
139.577411,11.431259
139.719481,11.470851
139.861703,11.510995
140.003478,11.551500
140.144710,11.592337
142.337706,12.281617
142.471833,12.326736
142.606007,12.372155
142.740310,12.417913
142.874673,12.463979
143.009123,12.510377
143.143741,12.557132
143.278393,12.604212
143.413200,12.651656
143.548149,12.699477
143.683129,12.747634
143.818169,12.796151
143.953403,12.845076
144.088699,12.894377
144.224107,12.944072
146.399975,13.797182
146.536329,13.854426
146.672849,13.912228
146.809288,13.970499
146.945723,14.029270
147.082349,14.088642
147.218747,14.148434
147.355922,14.209105
147.491796,14.269734
147.628265,14.331178
147.764696,14.393156
147.901255,14.455760
148.037675,14.518869
148.174066,14.582549
148.310610,14.646885
150.484650,15.758366
150.619537,15.833233
150.754447,15.908862
150.889263,15.985207
151.023899,16.062221
151.158417,16.139956
151.292701,16.218346
151.426958,16.297531
151.560903,16.377344
151.694703,16.457899
151.827727,16.538863
151.960027,16.620242
152.091326,16.701879
152.222075,16.784016
152.352245,16.866642
154.315987,18.209367
154.432810,18.294528
154.548939,18.379731
154.664712,18.465193
154.779648,18.550560
154.894202,18.636138
155.008128,18.721744
155.121634,18.807507
155.234526,18.893278
155.347113,18.979267
155.459036,19.065200
155.570567,19.151259
155.682258,19.237873
155.792875,19.324064
155.903068,19.410333
157.619798,20.801269
157.724808,20.888920
157.828914,20.976083
157.933368,21.063789
158.037593,21.151557
158.141673,21.239443
158.245378,21.327257
158.348963,21.415198
158.452317,21.503175
158.555503,21.591228
158.658368,21.679228
158.761119,21.767340
158.863713,21.855528
158.965936,21.943596
159.068007,22.031735
160.705897,23.470999
160.808837,23.563298
160.911857,23.655928
161.014945,23.748896
161.118113,23.842212
161.221221,23.935768
161.324339,24.029627
161.427588,24.123916
161.530819,24.218499
161.634027,24.313390
161.737307,24.408676
161.840549,24.504274
161.943826,24.600251
162.047130,24.696619
162.150406,24.793324
163.773896,26.370033
163.872070,26.468945
163.969836,26.567832
164.067269,26.666748
164.164238,26.765560
164.261109,26.864621
164.357260,26.963295
164.453249,27.062134
164.549159,27.161193
164.644938,27.260420
164.740754,27.359974
164.836412,27.459669
164.932197,27.559792
165.027908,27.660152
165.123599,27.760802
166.649827,29.416577
166.744649,29.523101
166.839373,29.630002
166.933970,29.737268
167.028518,29.844987
167.122905,29.953053
167.217142,30.061477
167.311282,30.170343
167.405299,30.279619
167.499118,30.389241
167.592844,30.499329
167.686410,30.609828
167.779830,30.720754
167.873044,30.832058
167.966136,30.943839
169.426871,32.792666
169.516010,32.912126
169.604900,33.032118
169.693489,33.152600
169.781783,33.273579
169.870326,33.395832
169.957145,33.516631
170.044737,33.639461
170.131737,33.762426
170.218393,33.885898
170.304689,34.009855
170.390626,34.134324
170.476211,34.259316
170.561419,34.384822
170.646248,34.510837
171.945280,36.599009
172.022361,36.734023
172.098971,36.869678
172.175024,37.005855
172.250524,37.142563
172.325519,37.279922
172.399878,37.417694
172.473667,37.556031
172.546961,37.695079
172.619559,37.834490
175.449058,46.561347
175.469963,46.715185
175.489925,46.868209
175.509057,47.020908
175.527295,47.172748
175.544733,47.324112
175.561357,47.474837
175.577227,47.625100
175.592313,47.774558
175.748631,50.099045
175.753960,50.240524
175.758894,50.381993
175.763433,50.523434
175.767600,50.665176
175.771380,50.807022
175.774779,50.948998
175.777787,51.091217
175.780408,51.233691
175.782624,51.376292
175.784440,51.519116
175.785842,51.662311
175.786828,51.805558
175.787385,51.949024
175.787515,52.092848
175.725102,54.419942
175.716811,54.567009
175.707966,54.714240
175.698553,54.861625
175.688563,55.009285
175.677991,55.157076
175.666838,55.304989
175.655083,55.453108
175.642732,55.601367
175.629769,55.749760
175.616182,55.898432
175.601981,56.047103
175.587152,56.195938
175.571672,56.345003
175.555554,56.494170
175.203918,58.896917
175.175721,59.047834
175.146736,59.198907
175.116972,59.349995
175.086429,59.501102
175.055038,59.652487
175.022920,59.803563
174.989957,59.954823
174.956180,60.106116
174.921576,60.257427
174.886129,60.408820
174.849872,60.560088
174.812730,60.711546
174.774761,60.862885
174.735941,61.014198
173.993747,63.424933
173.940383,63.571957
173.886510,63.717696
173.832020,63.862589
173.776838,64.006839
173.721089,64.150242
173.665145,64.291864
173.608633,64.432805
173.551833,64.572374
173.494357,64.711648
173.436631,64.849594
173.378854,64.985874
173.320373,65.122041
173.261061,65.258467
173.202212,65.392175
172.214833,67.452339
172.151121,67.576100
172.087224,67.699334
172.023014,67.822342
171.958756,67.944611
171.894225,68.066618
171.829517,68.188180
171.764648,68.309312
171.699825,68.429622
171.634395,68.550370
171.569037,68.670292
171.503471,68.789945
171.437791,68.909151
171.371883,69.028161
171.305896,69.146696
170.229598,71.009497
170.161194,71.124165
170.092619,71.238746
170.023886,71.353236
169.955085,71.467482
169.886065,71.581757
169.816989,71.695784
169.747735,71.809787
169.678249,71.923849
169.608837,72.037486
169.539208,72.151172
169.469437,72.264801
169.399522,72.378373
169.329484,72.491871
169.259311,72.605311
168.117810,74.418136
168.044900,74.532164
167.972578,74.645091
167.899740,74.758655
167.826772,74.872248
167.753328,74.986418
167.679772,75.100597
167.606343,75.214421
167.532809,75.328251
167.459104,75.442198
167.385614,75.555663
167.311657,75.669706
167.237489,75.783932
167.163133,75.898309
167.088617,76.012796
165.874014,77.862532
165.796649,77.979457
165.719132,78.096519
165.641367,78.213866
165.563467,78.331329
165.485376,78.448993
165.407103,78.566847
165.328619,78.684936
165.249990,78.803161
165.171119,78.921674
165.092097,79.040334
165.012871,79.159224
164.933444,79.278340
164.853837,79.397656
164.774058,79.517156
163.469603,81.462347
163.386294,81.586095
163.302723,81.710182
163.218956,81.834513
163.134981,81.959104
163.050680,82.084131
162.966310,82.209215
162.881631,82.334713
162.796747,82.460469
162.711625,82.586537
162.626294,82.712869
162.540650,82.839624
162.454853,82.966565
162.368782,83.093871
162.282467,83.221499
160.868370,85.307582
160.777835,85.440871
160.687105,85.574421
160.596081,85.708376
160.504874,85.842574
160.413380,85.977168
160.321720,86.111980
160.229796,86.247156
160.137692,86.382570
160.045308,86.518373
159.952723,86.654448
159.859986,86.790723
159.767010,86.927327
159.673781,87.064278
159.580385,87.201455
158.060972,89.430427
157.964607,89.571647
157.868099,89.713062
157.771455,89.854662
157.674720,89.996379
157.577705,90.138493
157.480689,90.280594
157.383581,90.422818
157.286225,90.565390
157.188776,90.708085
157.091254,90.850876
156.993624,90.993811
156.895810,91.137003
156.797930,91.280280
156.699976,91.423655
155.120383,93.734287
155.021067,93.879491
154.921720,94.024733
154.822350,94.169999
154.722845,94.315457
154.623335,94.460914
154.523890,94.606268
154.424382,94.751710
154.324766,94.897300
154.225164,95.042864
154.125605,95.188360
154.025871,95.334105
153.926228,95.479710
153.826599,95.625289
153.726914,95.770944
152.132557,98.099852
152.033022,98.245207
151.933454,98.390606
151.833818,98.536102
151.734226,98.681529
151.634596,98.827009
151.534509,98.973152
151.435264,99.118063
151.335677,99.263469
151.236029,99.408962
151.136310,99.554555
151.036611,99.700116
150.936316,99.846545
150.837152,99.991318
150.737451,100.136874
149.137278,102.472659
149.036921,102.619134
148.936483,102.765724
148.836028,102.912338
148.735461,103.059112
148.634818,103.205997
148.534369,103.352596
148.433726,103.499477
148.332978,103.646510
148.232192,103.793596
148.131348,103.940766
148.030456,104.088004
147.929424,104.235445
147.828428,104.382833
147.727331,104.530366
146.098963,106.906514
145.996454,107.056088
145.893894,107.205735
145.791229,107.355536
145.688372,107.505615
145.585518,107.655688
145.482505,107.805994
145.379353,107.956502
145.276177,108.107043
145.172905,108.257723
145.069361,108.408800
144.965879,108.559786
144.862273,108.710951
144.758482,108.862387
144.654637,109.013901
142.975639,111.463527
142.869694,111.618095
142.763462,111.773081
142.657077,111.928288
142.550633,112.083581
142.443958,112.239213
142.337154,112.395030
142.230207,112.551056
142.123173,112.707210
142.015805,112.863849
141.908462,113.020452
141.800944,113.177311
141.693217,113.334473
141.585262,113.491967
141.477319,113.649444
139.725451,116.205180
139.614453,116.367108
139.503224,116.529373
139.391797,116.691927
139.280241,116.854668
139.168403,117.017822
139.056576,117.180958
138.944470,117.344502
138.832146,117.508362
138.719748,117.672332
138.607219,117.836491
138.494418,118.001048
138.381530,118.165731
138.268509,118.330609
138.155266,118.495809
136.326333,121.163863
136.211116,121.331941
136.095825,121.500127
135.980381,121.668535
135.864889,121.837014
135.749236,122.005727
135.633597,122.174420
135.517826,122.343305
135.402041,122.512210
135.286194,122.681206
135.170119,122.850534
135.054165,123.019686
134.938144,123.188935
134.821822,123.358624
134.705802,123.527872
132.841230,126.247860
132.724685,126.417872
132.608837,126.586867
132.491302,126.758324
132.374800,126.928273
132.258910,127.097329
132.142459,127.267203
132.025959,127.437149
131.909463,127.607090
131.792906,127.777119
131.676384,127.947098
131.559951,128.116945
131.443480,128.286849
131.327019,128.456738
131.210555,128.626631
129.350183,131.340466
129.233820,131.510211
129.117844,131.679393
129.001787,131.848691
128.885721,132.018003
128.769624,132.187359
128.653645,132.356544
128.537584,132.525849
128.421593,132.695052
128.305605,132.864250
128.189660,133.033385
128.073605,133.202681
127.957744,133.371693
127.841854,133.540748
127.725912,133.709879
125.873072,136.412713
125.758162,136.580338
125.641873,136.749976
125.526273,136.918607
125.410732,137.087153
125.295070,137.255874
125.180357,137.423212
125.064961,137.591545
124.949492,137.759986
124.833991,137.928473
124.718532,138.096899
124.603148,138.265215
124.487154,138.434421
124.371459,138.603193
124.256121,138.771441
122.413196,141.459805
122.298126,141.627664
122.183034,141.795553
122.067996,141.963366
121.952969,142.131161
121.837867,142.299066
121.722929,142.466731
121.607974,142.634422
121.492964,142.802192
121.378024,142.969861
121.263128,143.137465
121.148064,143.305315
121.033268,143.472772
120.918400,143.640336
120.803629,143.807732
118.995033,146.448797
118.884362,146.611411
118.773457,146.774596
118.663540,146.936594
118.554377,147.097745
118.444990,147.259530
118.336139,147.420833
118.227458,147.582228
118.119347,147.743126
118.011558,147.903932
117.904158,148.064548
117.797202,148.224928
117.690701,148.385056
117.584500,148.545203
117.478901,148.704915
115.854979,151.241610
115.758082,151.399131
115.661828,151.556462
115.566090,151.713849
115.471050,151.870989
115.376581,152.028129
115.282545,152.185575
115.188976,152.343287
115.095803,152.501442
115.002982,152.660107
114.910531,152.819288
114.818459,152.978950
114.726633,153.139341
114.635227,153.300131
114.544088,153.461595
113.125762,156.114071
113.039209,156.283886
112.953139,156.453601
112.867264,156.623741
112.781484,156.794506
112.696038,156.965388
112.610803,157.136627
112.525780,157.308189
112.440909,157.480196
112.356314,157.652362
112.271885,157.824910
112.187633,157.997787
112.103608,158.170889
112.019785,158.344240
111.936230,158.517641
110.649089,161.269099
110.572293,161.439166
110.495979,161.609008
110.420109,161.778757
110.344776,161.948201
110.269958,162.117438
110.195613,162.286562
110.121808,162.455469
110.048600,162.624024
109.975885,162.792513
109.903706,162.960835
109.832079,163.129004
109.761076,163.296844
109.690572,163.464699
109.620722,163.632199
108.588795,166.290943
108.530108,166.455748
108.472121,166.620423
108.414867,166.784986
108.358368,166.949280
108.302552,167.113631
108.247535,167.277601
108.193140,167.441844
108.139679,167.605317
108.086889,167.768951
108.034870,167.932332
107.983598,168.095681
107.933087,168.258844
107.883351,168.421920
107.834416,168.584709
107.153520,171.171042
107.117157,171.331650
107.081518,171.491987
107.046592,171.652260
107.012341,171.812453
106.978791,171.972625
106.945959,172.132480
106.913796,172.292443
106.882357,172.452029
106.851595,172.611665
106.821483,172.771270
106.792090,172.930686
106.763369,173.089925
106.735316,173.249221
106.707933,173.408332
106.359884,175.942854
106.344029,176.101907
106.329160,176.261937
106.315208,176.422871
106.302327,176.584834
106.290425,176.747743
106.279630,176.911774
107.284782,186.874459
107.323234,187.035752
107.362229,187.196446
107.401849,187.356739
107.442017,187.516483
107.482773,187.675697
107.524094,187.834456
107.566012,187.992746
107.608455,188.150453
107.651535,188.307861
107.695112,188.464607
108.468386,190.912091
108.521370,191.061398
108.574855,191.210258
108.628894,191.358697
108.683425,191.506676
108.738577,191.654429
108.794148,191.801540
108.850298,191.948321
108.906946,192.094690
108.964184,192.240764
109.021881,192.386336
109.080140,192.531550
109.138883,192.676340
109.198187,192.820778
109.257957,192.964756
110.284297,195.217177
110.353147,195.355573
110.422025,195.492699
110.491466,195.629531
110.561445,195.766131
110.631876,195.902219
110.702738,196.037877
110.774204,196.173321
110.846301,196.308713
110.918545,196.443032
110.991405,196.577279
111.064883,196.711338
111.138413,196.844293
111.213157,196.978140
111.287671,197.110389
112.551954,199.187522
112.635105,199.314293
112.718677,199.440669
112.802851,199.566812
112.888338,199.692910
112.975108,199.819078
113.063688,199.945445
113.153824,200.071923
113.245883,200.198532
113.339648,200.325299
113.435473,200.452289
113.532946,200.579280
113.632394,200.706351
113.733520,200.833443
113.836578,200.960559
115.694870,202.965020
115.822196,203.087078
115.950800,203.208710
116.080401,203.329810
116.211128,203.450367
116.342888,203.570444
116.475598,203.689844
116.609230,203.808684
116.744045,203.927079
116.879547,204.044722
117.016047,204.161782
117.153347,204.278206
117.291661,204.394080
117.430629,204.509210
117.570524,204.623736
119.901838,206.359793
120.052535,206.461945
120.203736,206.563292
120.355284,206.663781
120.507495,206.763582
120.660073,206.862545
120.813036,206.960646
120.966535,207.058024
121.120404,207.154537
121.274595,207.250197
121.429528,207.345231
121.584377,207.439167
121.739465,207.532303
121.894617,207.624563
122.049614,207.715967
124.501651,209.095523
124.653512,209.176982
124.805253,209.257867
124.957012,209.338228
125.108534,209.417935
125.260076,209.497101
125.411351,209.575581
125.562648,209.653504
125.713740,209.730757
125.864969,209.807494
126.015753,209.883424
126.166647,209.958806
126.317472,210.033557
126.468148,210.107614
126.618680,210.180986
129.016959,211.259857
129.166224,211.321074
129.315321,211.381518
129.464381,211.441196
129.613296,211.500102
129.762320,211.558290
129.911037,211.615635
130.059793,211.672238
130.208464,211.728096
130.357073,211.783179
130.505502,211.837490
130.654029,211.891093
130.802298,211.943903
130.950556,211.995972
131.098810,212.047347
133.460487,212.771081
133.607548,212.810364
133.754449,212.848961
133.901437,212.886899
134.048383,212.924187
134.195361,212.960803
134.342086,212.996723
134.488929,213.031998
134.635639,213.066611
134.782322,213.100548
134.929066,213.133874
135.075593,213.166483
135.222130,213.198475
135.368759,213.229825
135.515176,213.260512
137.853496,213.665128
137.999316,213.685094
138.145130,213.704474
138.290910,213.723215
138.436640,213.741368
138.582357,213.758887
138.728070,213.775825
138.873659,213.792119
139.019226,213.807832
139.164893,213.822929
139.310382,213.837431
139.455901,213.851309
139.601402,213.864612
139.746859,213.877286
139.892223,213.889381
142.214433,214.001674
142.359362,214.003643
142.504125,214.005051
142.648895,214.005840
142.793654,214.006070
142.938395,214.005682
143.082999,214.004736
143.227687,214.003171
143.372917,214.001041
143.517547,213.998296
143.661892,213.995000
143.805845,213.991095
143.951773,213.986002
144.097704,213.979875
144.244313,213.972321
146.731064,213.649982
146.892607,213.617498
147.054660,213.583561
147.217135,213.548351
147.379991,213.511739
147.543111,213.473903
147.707300,213.434525
147.870441,213.394252
148.034466,213.352504
148.198505,213.309626
148.362842,213.265434
148.527313,213.220097
148.691850,213.173529
148.856480,213.125842
149.021257,213.076920
151.645497,212.149844
151.807694,212.083576
151.968982,212.016618
152.130538,211.948548
152.291744,211.879565
152.452746,211.809666
152.614009,211.738595
152.774146,211.667015
152.933248,211.594854
153.093276,211.521273
153.252430,211.447044
153.410841,211.372162
153.568215,211.296734
153.725827,211.220199
153.883036,211.142820
156.345036,209.817300
156.497538,209.730772
156.649983,209.643929
156.802314,209.556817
156.954808,209.469279
157.107251,209.381449
157.259672,209.293314
157.412240,209.204787
157.564642,209.116051
157.717084,209.026999
157.869699,208.937553
158.022088,208.847960
158.174542,208.758050
158.327016,208.667860
158.479567,208.577358
160.919262,207.098646
161.071700,207.004550
161.224025,206.910349
161.376486,206.815897
161.528939,206.721283
161.681203,206.626627
161.833617,206.531718
161.985989,206.436684
162.138276,206.341550
162.290720,206.246174
162.442966,206.150777
162.595248,206.055218
162.747615,205.959469
162.899840,205.863677
163.051881,205.767892
165.441942,204.245119
165.588124,204.150494
165.733902,204.055897
165.879265,203.961315
166.024156,203.866786
166.168716,203.772195
166.312729,203.677687
166.456367,203.583126
166.599535,203.488576
166.742300,203.393973
166.884511,203.299417
167.026364,203.204757
167.167738,203.110076
167.308606,203.015371
167.449016,202.920611
169.628296,201.392036
169.760026,201.295453
169.891130,201.198775
170.021720,201.101897
170.151767,201.004846
170.281222,200.907637
170.410111,200.810254
170.538461,200.712656
170.666127,200.614959
170.793850,200.516571
170.920438,200.418412
171.045767,200.320566
171.170964,200.222164
171.295772,200.123377
171.419802,200.024523
173.317050,198.411785
173.429459,198.309363
173.541988,198.205982
173.653488,198.102628
173.764225,197.999111
173.874335,197.895244
173.983609,197.791272
174.092260,197.686936
174.200469,197.581867
174.308293,197.476041
174.415858,197.369292
174.523072,197.261747
174.630204,197.153104
174.737050,197.043607
174.843805,196.933034
176.528923,195.043662
176.632824,194.918969
176.736580,194.793572
176.840103,194.667615
176.943511,194.540950
177.046795,194.413625
177.149844,194.285775
177.252757,194.157313
177.355551,194.028215
177.458095,193.898680
177.560296,193.768881
177.662324,193.638616
177.763622,193.508636
177.864597,193.378416
177.965104,193.248167
179.501176,191.165943
179.591948,191.036441
179.681977,190.907145
179.771984,190.776992
179.860995,190.647387
179.949621,190.517418
180.037533,190.387571
180.124888,190.257586
180.211532,190.127697
180.297547,189.997756
180.382949,189.867744
180.467627,189.737800
180.551624,189.607873
180.634996,189.477839
180.717652,189.347854
181.984755,187.187300
182.061285,187.046196
182.137713,186.904088
182.213865,186.761348
182.289386,186.618638
182.364684,186.475251
182.439712,186.331266
182.514524,186.186631
182.588957,186.041654
182.663047,185.896320
182.737157,185.749908
182.810895,185.603234
182.884155,185.456512
182.957554,185.308552
183.030447,185.160643
184.167534,182.738764
184.236725,182.584967
184.306096,182.430087
184.375121,182.275322
184.444006,182.120212
184.512797,181.964683
184.580893,181.810097
184.649701,181.653292
184.717580,181.497995
184.785688,181.341598
184.853653,181.184947
184.921544,181.027910
184.989246,180.870751
185.056823,180.713346
185.124314,180.555606
186.190069,178.001466
186.256005,177.839945
186.321858,177.678263
186.387673,177.516321
186.453396,177.354255
188.932023,171.046311
188.997001,170.877072
189.061975,170.707694
190.098079,167.989550
190.162607,167.819328
190.227035,167.649276
190.291456,167.479146
190.355852,167.308993
190.420202,167.138873
190.484533,166.968716
190.548858,166.798492
190.613118,166.628355
190.677339,166.458241
190.741564,166.288040
190.805756,166.117848
190.869898,165.947713
190.934014,165.777576
190.998140,165.607338
192.019459,162.888163
192.083110,162.718371
192.146172,162.550100
192.208668,162.383247
192.271856,162.214452
192.334489,162.046998
192.396725,161.880468
192.459132,161.713286
192.521127,161.547018
192.582606,161.381888
192.644695,161.214815
192.706261,161.048814
192.767561,160.883155
192.828617,160.717773
192.889769,160.551722
193.854500,157.878726
193.913962,157.710940
193.973396,157.542916
194.032730,157.374868
194.091969,157.206785
194.151174,157.038511
194.210264,156.870270
194.269296,156.701919
194.328246,156.533522
194.387157,156.364971
194.445940,156.196524
194.504699,156.027890
194.563370,155.859257
194.621991,155.690525
194.680552,155.521725
195.609594,152.815574
195.667238,152.646130
195.724798,152.476772
195.782355,152.307275
195.839868,152.137757
195.897338,151.968219
195.954731,151.798764
196.012136,151.629137
196.069457,151.459620
196.126753,151.290046
196.184033,151.120391
196.241269,150.950737
196.298442,150.781150
196.355601,150.611480
196.412737,150.441762
197.322256,147.726234
197.378863,147.556475
197.435444,147.386715
197.491990,147.216983
197.548511,147.047255
197.605039,146.877436
197.661504,146.707739
197.717946,146.538040
197.774386,146.368283
197.830790,146.198570
197.887170,146.028864
197.943522,145.859182
197.999866,145.689465
198.056195,145.519736
198.112494,145.350037
199.010554,142.636381
199.066815,142.466012
199.122819,142.296384
199.178436,142.127894
199.234368,141.958416
199.290288,141.788937
199.346181,141.619509
199.402045,141.450137
199.457900,141.280759
199.513757,141.111346
199.569574,140.942020
199.625418,140.772586
199.681200,140.603309
199.736977,140.434021
199.792756,140.264701
200.683286,137.558198
200.738827,137.389224
200.794329,137.220350
200.849875,137.051324
200.905376,136.882421
200.960862,136.713544
201.016337,136.544687
201.071839,136.375733
201.127289,136.206921
201.182743,136.038081
201.238178,135.869286
201.293791,135.699933
201.349389,135.530613
201.404845,135.361712
201.460202,135.193098
202.344621,132.497694
202.399834,132.329341
202.455035,132.161015
202.510237,131.992680
202.565403,131.824443
202.620599,131.656109
202.675747,131.487914
202.730915,131.319650
202.786056,131.151461
202.841178,130.983324
202.896288,130.815217
202.951388,130.647133
203.006499,130.479008
203.061592,130.310931
203.116661,130.142921
203.996704,127.457280
204.051641,127.289588
204.106540,127.122008
204.161439,126.954423
204.216344,126.786819
204.271227,126.619274
204.326101,126.451758
204.380993,126.284178
204.435837,126.116745
204.490682,125.949305
204.545541,125.781817
204.600380,125.614390
204.655178,125.447082
204.709999,125.279702
204.764794,125.112399
205.640489,122.438320
205.695144,122.271403
205.749784,122.104530
205.804446,121.937586
205.859062,121.770782
205.913688,121.603947
205.968316,121.437105
206.022914,121.270350
206.077485,121.103676
206.132095,120.936884
206.186675,120.770179
206.241232,120.603543
206.295845,120.436737
206.350348,120.270265
206.404883,120.103690
207.273352,117.451920
207.326907,117.288272
207.380304,117.125003
207.433569,116.961975
207.486632,116.799408
207.539585,116.636961
207.592315,116.474981
207.644874,116.313257
207.697260,116.151793
207.749437,115.990641
207.801393,115.829844
207.853161,115.669239
207.904695,115.508977
207.955971,115.349069
208.007044,115.189354
208.785149,112.671833
208.831295,112.515624
208.876449,112.361781
208.921839,112.206067
208.966198,112.052829
209.010495,111.898680
209.054382,111.744829
209.097893,111.591086
209.140946,111.437763
209.183600,111.284581
209.225824,111.131664
209.267631,110.978904
209.308965,110.826516
209.349879,110.674247
209.390311,110.522333
209.970609,108.121972
210.002371,107.973955
210.033591,107.826093
210.064231,107.678483
210.094290,107.531163
210.123786,107.383959
210.152611,107.237439
210.180992,107.090378
210.208696,106.943986
210.235878,106.797367
210.262308,106.651790
210.288203,106.505989
210.313466,106.360538
210.338118,106.215218
210.362127,106.070260
210.657225,103.780037
210.669828,103.636507
210.681702,103.492361
210.692872,103.347667
210.703329,103.202259
210.713100,103.056215
210.722167,102.909566
210.730563,102.762313
210.738282,102.614367
210.745344,102.465966
210.751749,102.316887
210.757523,102.167290
210.762661,102.017124
210.767187,101.866507
210.771102,101.715251
210.760153,99.238044
210.755395,99.080204
210.750209,98.922069
210.744616,98.763648
210.738611,98.604886
210.732217,98.445905
210.725432,98.286662
210.718271,98.127133
210.710737,97.967392
210.702844,97.807388
210.694592,97.647159
210.685999,97.486740
210.677062,97.326061
210.667797,97.165178
210.658203,97.004080
210.466143,94.403460
210.452039,94.239719
210.437721,94.075889
210.423191,93.911879
210.408460,93.747828
210.393526,93.583603
210.378398,93.419301
210.363082,93.254909
210.347579,93.090433
210.331890,92.925790
210.316031,92.761148
210.300004,92.596449
210.283797,92.431575
210.267429,92.266633
210.250881,92.101535
209.965229,89.425377
209.946448,89.255774
209.927599,89.085844
209.908719,88.915757
209.889775,88.745199
209.870812,88.574426
209.851829,88.403425
209.832840,88.232145
209.813828,88.060447
209.794839,87.888579
209.775863,87.716431
209.756909,87.543930
209.737985,87.371143
209.719107,87.198043
209.700281,87.024687
209.414165,84.209944
209.397733,84.031432
209.381526,83.852600
209.365567,83.673492
209.349854,83.494059
209.334409,83.314332
209.319228,83.134237
209.304335,82.953847
209.289736,82.773212
209.275443,82.592227
209.261455,82.410867
209.247806,82.229303
209.234486,82.047404
209.221513,81.865132
209.208897,81.682598
209.064708,78.719974
209.059874,78.532289
209.055592,78.344159
209.051887,78.155801
209.048762,77.967175
209.046235,77.778267
209.044310,77.589014
209.043007,77.399541
209.042330,77.209726
209.042297,77.019623
209.042915,76.829302
209.044201,76.638679
209.046161,76.447733
209.048814,76.256522
209.052165,76.065021
209.210991,72.967453
209.228112,72.771964
209.246142,72.576257
209.265107,72.380404
209.285029,72.184029
209.305874,71.987919
209.327683,71.791435
209.350485,71.594708
209.374230,71.397995
209.398990,71.201053
209.424732,71.003971
209.451508,70.806703
209.479289,70.609308
209.508116,70.411809
209.537970,70.214203
210.163476,67.042784
210.212008,66.844502
210.261666,66.646222
210.312464,66.448037
210.364382,66.249922
210.417442,66.051937
210.471662,65.853914
210.527021,65.656066
210.583499,65.458371
210.641164,65.260716
210.699948,65.063253
210.760185,64.864991
210.821025,64.668648
210.883291,64.471629
210.946685,64.274834
212.119818,61.157275
212.203107,60.964897
212.287544,60.772895
212.373131,60.581339
212.459917,60.390065
212.547861,60.199234
212.636976,60.008763
212.727274,59.818701
212.818723,59.629060
212.911338,59.439874
213.005119,59.251098
213.100087,59.062750
213.196207,58.874854
213.293464,58.687501
213.391933,58.500498
215.123653,55.581637
215.241544,55.404238
215.360561,55.227459
215.480728,55.051306
215.601979,54.875846
215.724334,54.701084
215.847902,54.526841
215.972453,54.353476
216.097575,54.181801
216.223518,54.011371
216.349708,53.843098
216.476455,53.676416
216.603469,53.511795
216.730919,53.348858
216.858504,53.188060
218.940027,50.838148
219.072750,50.703536
219.205773,50.570274
219.339229,50.438137
219.472906,50.307392
219.607123,50.177640
219.741515,50.049290
219.876394,49.921958
220.011670,49.795787
220.147364,49.670678
220.283315,49.546833
220.419817,49.423907
220.556629,49.302171
220.693889,49.181428
220.831556,49.061766
223.097061,47.276530
223.243804,47.171372
223.391381,47.066618
223.540485,46.961751
223.689728,46.857661
223.839851,46.753759
223.990534,46.650211
224.141750,46.547022
224.293911,46.443897
224.446233,46.341377
224.599463,46.238955
224.753265,46.136878
224.907541,46.035212
225.062689,45.933717
225.218168,45.832753
227.787339,44.277352
227.953159,44.184493
228.119921,44.092043
228.286961,44.000394
228.454745,43.909291
228.623253,43.818770
228.792392,43.728886
228.962049,43.639721
229.132461,43.551153
229.303562,43.463243
229.475327,43.376000
229.647640,43.289514
229.820719,43.203664
229.994399,43.118577
230.168717,43.034210
233.046288,41.793754
233.230572,41.724320
233.414494,41.656319
233.598340,41.589603
233.781874,41.524236
233.965184,41.460132
234.148001,41.397366
234.330673,41.335766
234.513352,41.275267
234.694784,41.216237
234.876113,41.158276
235.057389,41.101329
235.237974,41.045581
235.418316,40.990848
235.598280,40.937157
238.429995,40.197491
238.604224,40.157570
238.778081,40.118292
238.951921,40.079555
239.125258,40.041460
239.298518,40.003890
239.471601,39.966865
239.644399,39.930387
239.816829,39.894469
239.989162,39.859036
240.161320,39.824100
240.333285,39.789648
240.504730,39.755741
240.676236,39.722246
240.847297,39.689260
243.550583,39.216515
243.717226,39.189942
243.883628,39.163661
244.049741,39.137661
244.215486,39.111955
244.381078,39.086490
244.546296,39.061301
244.711191,39.036362
244.875944,39.011645
245.040240,38.987179
245.204260,38.962938
245.368036,38.938898
245.531562,38.915061
245.694711,38.891428
245.857490,38.867997
248.421695,38.511615
248.579392,38.490083
248.736635,38.468616
248.893579,38.447176
249.050248,38.425760
249.206578,38.404361
249.362489,38.382991
249.518277,38.361594
249.673554,38.340222
249.828601,38.318822
249.983273,38.297416
250.137673,38.275971
250.291607,38.254518
250.445429,38.232990
250.598714,38.211449
253.006887,37.854583
253.154499,37.831188
253.301678,37.807645
253.448634,37.783905
253.595165,37.760003
253.741339,37.735913
253.887157,37.711638
254.032689,37.687150
254.177707,37.662491
254.322584,37.637583
254.466917,37.612498
254.610988,37.587172
254.754774,37.561612
254.897980,37.535854
255.040837,37.509864
257.276688,37.057388
257.413194,37.026567
257.549211,36.995447
257.684913,36.963971
257.820118,36.932189
257.954991,36.900045
258.089383,36.867581
258.223397,36.834758
258.357037,36.801580
258.490265,36.768040
258.622996,36.734167
258.755450,36.699889
258.887295,36.665299
259.018819,36.630304
259.149910,36.594944
261.187019,35.975422
261.310290,35.933227
261.433117,35.890598
261.555542,35.847502
261.677533,35.803960
261.798959,35.760000
261.919862,35.715618
262.040360,35.670755
262.160256,35.625494
262.279710,35.579756
262.398639,35.533593
262.517101,35.486954
262.634965,35.439918
262.752451,35.392359
262.869274,35.344432
264.666931,34.515846
264.774659,34.460251
264.881871,34.404233
264.988515,34.347778
265.094575,34.290946
265.200207,34.233610
265.305585,34.175724
265.409759,34.117766
265.514108,34.059027
265.617191,34.000269
265.720394,33.940758
265.822811,33.880969
265.924366,33.821001
266.026189,33.760145
266.126591,33.699455
267.675289,32.666943
267.769737,32.596432
267.864330,32.524473
267.958936,32.451318
268.053709,32.376662
268.148398,32.300853
268.243123,32.223627
268.338315,32.144778
268.432419,32.065431
268.527427,31.984072
268.621791,31.901854
268.716004,31.818504
268.809980,31.733957
268.903718,31.648352
268.996704,31.562029
270.466587,30.047819
270.557582,29.946547
270.648513,29.844555
270.739377,29.741890
270.830162,29.638551
270.920826,29.534627
271.011489,29.429971
271.101950,29.324849
271.192356,29.219086
271.282670,29.112758
271.372978,29.005756
271.463090,28.898339
271.553154,28.790324
271.643146,28.681772
271.733032,28.572718
273.159002,26.767976
273.247370,26.651991
273.335744,26.535558
273.423971,26.418898
273.512219,26.301782
273.600448,26.184290
273.688610,26.066479
273.776679,25.948410
273.864832,25.829841
273.952883,25.711046
274.040939,25.591876
274.128977,25.472392
274.217057,25.352505
274.305103,25.232346
274.393177,25.111825
275.807537,23.143107
275.896583,23.017700
275.985712,22.892070
276.074917,22.766257
276.164298,22.640117
276.253782,22.513782
276.343393,22.387215
276.433170,22.260390
276.523051,22.133391
276.613098,22.006160
276.703328,21.878670
276.793689,21.751024
276.884190,21.623207
276.974879,21.495179
277.065804,21.366871
278.549876,19.292143
278.644826,19.161306
278.740068,19.030364
278.835664,18.899258
278.931492,18.768156
279.027657,18.636942
279.124214,18.505543
279.221050,18.374143
279.318197,18.242694
279.415731,18.111126
279.513595,17.979513
279.611798,17.847874
279.710430,17.716090
279.809374,17.584343
279.908719,17.452515
281.555129,15.342520
281.661879,15.210976
281.769226,15.079374
281.877023,14.947925
281.985331,14.816555
282.094155,14.685286
282.203523,14.554085
282.313366,14.423065
282.423843,14.292037
282.534809,14.161201
282.646294,14.030526
282.758447,13.899861
282.871089,13.769422
282.984241,13.639207
283.098112,13.508981
285.001900,11.455328
285.126363,11.329212
285.251529,11.203381
285.377354,11.077906
285.503986,10.952644
285.631179,10.827865
285.759136,10.703371
285.887858,10.579190
286.017204,10.455459
286.147236,10.332146
286.278085,10.209130
286.409637,10.086543
286.541883,9.964400
286.674983,9.842576
286.808681,9.721312
289.052830,7.848172
289.199735,7.735946
289.347463,7.624312
289.495989,7.513347
289.645327,7.403008
289.795403,7.293405
289.946318,7.184436
290.098067,7.076159
290.250564,6.968608
290.403962,6.861728
290.558070,6.755627
290.712982,6.650292
290.868812,6.545620
291.025395,6.441773
291.182701,6.338740
293.806393,4.802945
293.976758,4.714500
294.147780,4.627011
294.319470,4.540509
294.491959,4.454901
294.665022,4.370339
294.838032,4.287335
295.011227,4.205699
295.184203,4.125752
295.357032,4.047346
295.529540,3.970656
295.701999,3.895438
295.874002,3.821954
296.045832,3.749958
296.217448,3.679546
298.942766,2.721163
299.114881,2.668854
299.287538,2.617280
299.460532,2.566519
299.634094,2.516505
299.808144,2.467279
299.982688,2.418846
300.157677,2.371235
300.333186,2.324430
300.509117,2.278477
300.685633,2.233331
300.862551,2.189066
301.039931,2.145658
301.217876,2.103115
301.396214,2.061462
304.309979,1.524817
304.495532,1.499954
304.681625,1.476125
304.867992,1.453400
305.054751,1.431740
305.241921,1.411178
305.429313,1.391712
305.617045,1.373362
305.805195,1.356097
305.993613,1.339968
306.182273,1.324950
306.371264,1.311072
306.560633,1.298307
306.750223,1.286699
317.130433,2.472316
317.320048,2.529296
317.509385,2.587590
317.698422,2.647172
317.887068,2.708038
318.075637,2.770269
318.263587,2.833716
318.451244,2.898463
321.399170,4.110167
321.579342,4.196747
321.759141,4.284662
321.938269,4.373789
322.116886,4.464190
322.294958,4.555870
322.472435,4.648787
322.649256,4.742929
322.825571,4.838360
323.001261,4.935037
323.176303,5.032930
323.350757,5.132095
323.524551,5.232474
323.697658,5.334071
323.870233,5.436964
326.525725,7.242016
326.680956,7.362076
326.833800,7.482159
326.984834,7.602592
327.133584,7.723032
327.280569,7.843775
327.425306,7.964457
327.568504,8.085553
327.709412,8.206462
327.848786,8.327719
327.986220,8.449008
328.122105,8.570571
328.256046,8.692089
328.388659,8.814021
328.519319,8.935835
330.420069,10.916148
330.528240,11.042238
330.635233,11.168625
330.741140,11.295334
330.845809,11.422244
330.949578,11.549676
331.052165,11.677351
331.153810,11.805483
331.254276,11.933836
331.353872,12.062719
331.452340,12.191867
331.549851,12.321418
331.646364,12.451382
331.741900,12.581706
331.836449,12.712443
333.240847,14.878787
333.323839,15.020856
333.406327,15.163761
333.488255,15.307476
333.570043,15.452699
333.651221,15.598661
333.731550,15.744738
333.811520,15.891783
333.890913,16.039233
333.969582,16.186743
334.048753,16.336572
334.126819,16.485701
334.204931,16.636305
334.282254,16.786812
334.358978,16.937580
335.517396,19.427890
335.584702,19.587972
335.651424,19.748760
335.717469,19.910078
335.782841,20.071941
335.847476,20.234238
335.911470,20.397218
335.974732,20.560698
336.037260,20.724684
336.099052,20.889214
336.160094,21.054263
336.220384,21.219875
336.279898,21.385993
336.338654,21.552721
336.396606,21.719940
337.207028,24.466315
337.249796,24.642180
337.291604,24.818586
337.332389,24.995464
337.372174,25.172804
337.410917,25.350628
337.448629,25.528871
337.485285,25.707597
337.521078,25.887652
337.555466,26.066483
337.588951,26.246490
337.621341,26.426890
337.652695,26.607861
337.682940,26.789216
337.712088,26.970863
338.024336,29.925139
338.033903,30.112291
338.042277,30.299609
338.049427,30.487109
338.055385,30.675028
338.060104,30.862947
338.063615,31.051088
338.065885,31.239505
338.066936,31.427997
338.066736,31.616624
338.065309,31.805608
338.062623,31.994518
338.058701,32.183611
338.053513,32.372808
338.046879,32.561187
337.759266,35.437275
337.730894,35.609067
337.701407,35.779760
337.670815,35.949924
337.639275,36.119135
337.606835,36.287789
337.573599,36.455609
337.539604,36.622762
337.504912,36.789047
337.469484,36.954887
337.433451,37.119720
337.396778,37.283914
337.359486,37.447406
337.321583,37.610326
337.283145,37.772384
336.602150,40.289351
336.556119,40.442601
336.509738,40.595453
336.463002,40.748000
336.415984,40.900004
336.368578,41.051881
336.320898,41.203267
336.272907,41.354351
336.224617,41.505096
336.176006,41.655633
336.127133,41.805778
336.077937,41.955780
336.028504,42.105378
335.978769,42.254821
335.928782,42.403959
335.096192,44.765356
335.042266,44.911924
334.988185,45.058278
334.933871,45.204661
334.879377,45.350933
334.824670,45.497201
334.769785,45.643379
334.714676,45.789612
334.659415,45.935708
334.603963,46.081796
334.548300,46.227926
334.492489,46.373958
334.436495,46.519983
334.380287,46.666102
334.323983,46.812006
333.403060,49.144233
333.344518,49.289599
333.286260,49.433965
333.227595,49.579064
333.168830,49.724133
333.109593,49.870100
333.050987,50.014247
332.991586,50.160098
332.932909,50.303919
332.873728,50.448738
332.814519,50.593386
332.755253,50.737945
332.695885,50.882526
332.636500,51.026933
332.577082,51.171206
331.621233,53.467070
331.561203,53.609917
331.501245,53.752459
331.441253,53.894952
331.381219,54.037415
331.321130,54.179886
331.261083,54.322137
331.200997,54.464363
331.140890,54.606522
331.080761,54.748622
331.020650,54.890569
330.960453,55.032615
330.900294,55.174466
330.840133,55.316222
330.779927,55.457983
329.815381,57.717552
329.755032,57.858305
329.694687,57.998987
329.634311,58.139681
329.573949,58.280280
329.513587,58.420825
329.453204,58.561359
329.392836,58.701806
329.332493,58.842138
329.272115,58.982502
329.211696,59.122908
329.151295,59.263225
329.090957,59.403344
329.030557,59.543559
328.970155,59.683735
328.003417,61.921806
327.943307,62.060674
327.882896,62.200207
327.822547,62.339570
327.762206,62.478883
327.702031,62.617789
327.641748,62.756918
327.581387,62.896198
327.521049,63.035403
327.460670,63.174676
327.400347,63.313795
327.340011,63.452920
327.279649,63.592083
327.219325,63.731137
327.159001,63.870168
326.194387,66.090781
326.134114,66.229394
326.073893,66.367876
326.013681,66.506321
325.953112,66.645576
325.893203,66.783298
325.832718,66.922334
325.772704,67.060274
325.712537,67.198553
325.652364,67.336835
325.592084,67.475352
325.531624,67.614269
325.471701,67.751943
325.411501,67.890243
325.351284,68.028572
324.386137,70.244439
324.325259,70.384141
324.264790,70.522898
324.204255,70.661800
324.143724,70.800687
324.083540,70.938771
324.022963,71.077750
323.962343,71.216822
323.901687,71.355970
323.840960,71.495276
323.780264,71.634507
323.719498,71.773891
323.658720,71.913298
323.597857,72.052894
323.537013,72.192442
322.557249,74.438959
322.495593,74.580299
322.433859,74.721814
322.372084,74.863419
322.310261,75.005130
322.248315,75.147123
322.186408,75.289020
322.124383,75.431188
322.062283,75.573522
322.000139,75.715955
321.937959,75.858469
321.875635,76.001308
321.813319,76.144127
321.750910,76.287157
321.688411,76.430390
320.678312,78.745000
320.614458,78.891301
320.550570,79.037682
320.486552,79.184357
320.422435,79.331257
320.358239,79.478337
320.293963,79.625598
320.229551,79.773167
320.164995,79.921103
320.100324,80.069319
320.035376,80.218208
319.970359,80.367264
319.905071,80.516964
319.839566,80.667144
319.773860,80.817775
318.686128,83.291976
318.615436,83.450452
318.544331,83.609455
318.472850,83.768862
318.400979,83.928698
318.328714,84.088923
318.255997,84.249665
318.182898,84.410719
318.109355,84.572220
318.035334,84.734191
317.960878,84.896536
317.886002,85.059171
317.810588,85.222350
317.734718,85.385845
317.658565,85.549280
316.359836,88.220912
316.273285,88.390679
316.186042,88.560724
316.098180,88.730860
316.009488,88.901479
315.920108,89.072266
315.829964,89.243346
315.739070,89.414648
315.647398,89.586212
315.554935,89.758012
309.545683,98.581072
309.413211,98.736517
309.280784,98.890925
309.147296,99.045598
309.013719,99.199436
308.879920,99.352610
308.746156,99.504862
308.611366,99.657410
308.476448,99.809263
308.341363,99.960477
308.205964,100.111250
308.071049,100.260705
307.934042,100.411724
307.797661,100.561305
305.576150,102.910488
305.434686,103.055407
305.293122,103.199956
305.151195,103.344419
305.008976,103.488731
304.866461,103.632907
304.723712,103.776891
304.580651,103.920776
304.437272,104.064571
304.293652,104.208214
304.149786,104.351711
304.005477,104.495274
303.861042,104.638590
303.716287,104.781864
303.571208,104.925103
301.186327,107.236000
301.031885,107.382686
300.876737,107.529616
300.720192,107.677410
300.564147,107.824268
300.406851,107.971810
300.248731,108.119622
300.089805,108.267654
299.930133,108.415838
299.769660,108.564193
299.608315,108.712771
299.446202,108.861443
299.283254,109.010260
299.119378,109.159270
298.954799,109.308255
296.194654,111.696384
296.013758,111.845021
295.831673,111.993603
295.648552,112.141966
295.464406,112.290107
295.279116,112.438064
295.092080,112.586252
294.906196,112.732363
294.718901,112.878403
294.530926,113.023795
294.342611,113.168266
294.153671,113.312050
293.964349,113.454962
293.774643,113.597028
293.584651,113.738183
290.502921,115.892994
290.308270,116.021865
290.113477,116.150100
289.918497,116.277756
289.723347,116.404830
289.527952,116.531396
289.332583,116.657286
289.136896,116.782747
288.941136,116.907628
288.745152,117.032049
288.549065,117.155940
288.352717,117.279422
288.156409,117.402313
287.959779,117.524861
287.763025,117.646947
284.592224,119.551238
284.392517,119.667774
284.192682,119.784038
283.992543,119.900145
283.792306,120.015980
283.591803,120.131650
283.391207,120.247060
283.190323,120.362332
282.989323,120.477372
282.788078,120.592262
282.586452,120.707084
282.384891,120.821593
282.183035,120.935997
281.980874,121.050310
281.778615,121.164418
278.528926,122.967313
278.326199,123.078396
278.124192,123.189004
277.922547,123.299359
277.720362,123.409962
277.518149,123.520560
277.316120,123.631043
277.114257,123.741449
276.912559,123.851786
276.711015,123.962087
276.509045,124.072676
276.308413,124.182615
276.107529,124.292783
275.906768,124.403000
275.706262,124.513202
272.531831,126.289714
272.335830,126.402292
272.140522,126.514914
271.945334,126.627938
271.750631,126.741160
271.556300,126.854672
271.362447,126.968419
271.168817,127.082578
270.975697,127.196988
270.782874,127.311802
270.590651,127.426845
270.398745,127.542317
270.207397,127.658077
270.016334,127.774319
269.825794,127.890904
266.846807,129.815617
266.665179,129.939980
266.484113,130.064798
266.304276,130.189648
266.123474,130.316007
265.943834,130.442441
265.764775,130.569305
265.586212,130.696703
265.408295,130.824481
265.230757,130.952870
265.053750,131.081716
264.877210,131.211108
264.701123,131.341008
264.525417,131.471516
264.350347,131.602395
261.606643,133.770643
261.438522,133.910929
261.270925,134.051635
261.103662,134.192973
260.936757,134.334869
260.770209,134.477379
260.604126,134.620352
260.438273,134.764049
260.272896,134.908199
260.107802,135.053027
259.943151,135.198336
259.778729,135.344372
259.614854,135.490796
259.451240,135.637919
259.287936,135.785640
256.722131,138.230902
256.564595,138.388995
256.407472,138.547595
256.250532,138.707009
256.094111,138.866823
255.937916,139.027412
255.782127,139.188518
255.626594,139.350373
255.471455,139.512758
255.316523,139.675951
255.162065,139.839591
255.007930,140.003921
254.854075,140.168908
254.700580,140.334549
254.547453,140.500754
252.143157,143.249352
251.995873,143.426706
251.848885,143.604744
251.702236,143.783518
251.555953,143.962898
251.410118,144.142887
251.264630,144.323509
251.119489,144.504869
250.974643,144.686935
250.830218,144.869654
250.686194,145.052949
250.542447,145.237086
250.399156,145.421735
250.256250,145.607097
250.113594,145.793240
247.885697,148.861689
247.749816,149.059350
247.614425,149.257520
247.479416,149.456489
247.344831,149.656070
247.210704,149.856346
247.077014,150.057221
246.943684,150.258949
246.810772,150.461309
246.678433,150.664210
246.546453,150.867839
246.414889,151.072255
246.283784,151.277254
246.153099,151.483045
246.022930,151.689336
244.002530,155.084102
243.880424,155.301917
243.758751,155.520434
243.637543,155.739773
243.516861,155.959658
243.396690,156.180291
243.276989,156.401578
243.157835,156.623560
243.039216,156.846084
242.921011,157.069562
242.803419,157.293441
242.686386,157.518012
242.569703,157.743497
242.453754,157.969343
242.338263,158.195904
240.564772,161.912064
240.458669,162.150114
240.353266,162.388439
240.248413,162.627606
240.144070,162.867490
240.040446,163.107842
239.937366,163.348840
239.834405,163.591727
239.732964,163.832973
239.631678,164.076037
239.530556,164.320691
239.430470,164.565084
239.330867,164.810312
239.232160,165.055612
239.133867,165.301927
237.814348,169.530887
237.751326,169.815757
237.690636,170.102889
237.631871,170.392171
237.575409,170.683088
237.520809,170.975745
237.468289,171.270306
237.417528,171.566397
237.368749,171.864033
237.321593,172.163169
237.276276,172.463789
237.232525,172.765403
237.190487,173.068354
237.149846,173.372606
237.110821,173.677922
236.652438,178.659487
236.632440,178.974128
236.613355,179.289219
236.595068,179.604195
236.577680,179.919152
236.561034,180.234402
236.545263,180.549383
236.530219,180.864439
236.515991,181.179783
236.502499,181.494561
236.489813,181.809274
236.477822,182.123918
236.466613,182.438576
236.456094,182.753021
236.446092,183.066802
236.330137,187.945694
236.325576,188.240886
236.321373,188.534776
236.317595,188.827583
236.314198,189.119299
236.311250,189.410148
236.308711,189.699727
236.306643,189.988591
236.305005,190.276339
236.303862,190.563175
236.303169,190.849176
236.302990,191.134305
236.303279,191.418402
236.304099,191.701878
236.305404,191.984436
236.401151,196.411591
236.412058,196.683356
236.423531,196.954500
236.435642,197.225336
237.089023,205.174118
237.120750,205.434496
237.153191,205.694832
237.186230,205.954707
237.219972,206.214430
238.599270,214.166239
238.654736,214.419825
238.710845,214.673172
238.767702,214.926412
238.825179,215.179304
238.883457,215.432311
238.942324,215.684832
240.109317,219.780306
240.202069,220.042205
240.297312,220.304773
240.394658,220.567706
240.494326,220.831087
240.596079,221.094998
240.700006,221.359222
240.805837,221.623725
240.913725,221.888496
241.023504,222.153724
241.135093,222.418855
241.248353,222.684120
241.363568,222.949851
241.480162,223.215227
241.598541,223.480881
243.662344,227.709239
243.796694,227.968274
243.930688,228.225701
244.066145,228.484926
244.199806,228.739862
244.335174,228.997092
244.469458,229.251430
244.603803,229.504934
244.737548,229.756474
244.872051,230.008479
245.006058,230.258702
245.140210,230.508208
245.273992,230.756147
245.407944,231.003386
245.541714,231.249379
247.692536,235.060331
247.828773,235.292123
247.964619,235.522141
248.100667,235.751279
248.236458,235.978877
248.374052,236.208264
248.510129,236.434001
248.648242,236.661880
248.785731,236.887596
248.923573,237.112650
249.060771,237.335531
249.200166,237.560736
249.337926,237.782169
249.477054,238.004563
249.616357,238.226103
251.897501,241.689751
252.043295,241.900991
252.189164,242.111228
252.336451,242.322284
252.483505,242.531892
252.630821,242.740655
252.780054,242.950138
252.930163,243.158916
253.081062,243.366286
253.234510,243.574838
253.390933,243.784627
253.547150,243.991603
253.706671,244.200083
253.868102,244.408454
254.031689,244.616714
256.903978,247.919921
257.097038,248.123420
257.290731,248.326095
257.485141,248.528129
257.679960,248.729418
257.875134,248.929933
258.070346,249.129512
258.265865,249.328419
258.461211,249.526292
258.656581,249.723292
258.852085,249.919635
259.047120,250.114660
259.242119,250.308895
259.437059,250.502248
259.631859,250.694724
262.732643,253.651800
262.925970,253.829304
263.119380,254.006095
263.312941,254.182158
263.506355,254.357291
263.699979,254.531743
263.893573,254.705368
264.087270,254.878209
264.280983,255.050263
264.475008,255.221713
264.668926,255.392262
264.863072,255.562129
265.057331,255.731287
265.251739,255.899689
265.446176,256.067305
268.583285,258.655066
268.781282,258.811108
268.979462,258.966484
269.177927,259.121193
269.377433,259.275293
269.578138,259.428940
269.780390,259.581983
269.983948,259.734348
270.189478,259.886206
270.396803,260.037575
270.605956,260.188206
270.816999,260.338324
271.029933,260.487700
271.244709,260.636493
271.461485,260.784616
275.143041,263.052676
275.383825,263.187651
275.625564,263.321741
275.869230,263.455602
276.111969,263.587587
276.357951,263.720086
276.603177,263.850853
276.849573,263.981036
277.095869,264.109897
277.343205,264.238135
277.589368,264.364786
277.838503,264.492021
278.086387,264.617798
278.333428,264.742337
278.579587,264.865725
282.474593,266.729483
282.714308,266.838674
282.953542,266.947005
283.192482,267.054505
283.430936,267.161138
283.669275,267.267015
283.907026,267.371977
284.144555,267.476130
284.381837,267.579516
284.618930,267.682104
284.855674,267.783876
285.092124,267.884802
285.328444,267.985003
285.564513,268.084374
285.800232,268.182926
289.553393,269.656206
289.787265,269.741969
290.020898,269.826962
290.254560,269.911226
290.488308,269.994837
290.721930,270.077664
290.955450,270.159772
291.189068,270.241174
291.422617,270.321869
291.656219,270.401842
291.889685,270.481086
292.123387,270.559670
292.357711,270.637375
292.592736,270.714246
292.828971,270.790178
296.787565,271.861455
297.045129,271.919010
297.303635,271.975419
297.563154,272.030804
297.823338,272.085019
298.084357,272.138202
298.346293,272.190301
298.608729,272.241329
298.871881,272.291266
299.135656,272.340184
299.400166,272.388045
299.665140,272.434882
299.930551,272.480637
300.196600,272.525422
300.463028,272.569142
304.764668,273.134581
305.034736,273.161772
305.304893,273.188015
305.575026,273.213337
305.845191,273.237716
306.115453,273.261194
306.385532,273.283717
306.655582,273.305334
306.925858,273.326039
307.195800,273.345819
307.465679,273.364672
307.735507,273.382627
308.005379,273.399668
308.274993,273.415803
308.544534,273.431022
312.836722,273.552573
313.103387,273.552667
313.369778,273.552048
313.635956,273.550819
313.902053,273.549049
314.167929,273.546801
314.433712,273.544114
314.699537,273.541023
314.965096,273.537553
315.230648,273.533725
315.496390,273.529547
315.761911,273.525041
316.027522,273.520209
316.293144,273.515064
316.558718,273.509611
320.818567,273.385059
321.085185,273.375225
321.351981,273.365176
321.618875,273.354920
321.885689,273.344467
322.152635,273.333817
322.419578,273.322976
322.686504,273.311952
322.953460,273.300745
323.220796,273.289347
323.487687,273.277795
323.754757,273.266069
324.021919,273.254174
324.289117,273.242119
324.555990,273.229922
328.832844,273.016071
329.100253,273.001708
329.367564,272.987250
329.634932,272.972691
329.902174,272.958043
330.169693,272.943288
330.436912,272.928457
330.704165,272.913536
330.971562,272.898521
331.238877,272.883426
331.506092,272.868254
331.773445,272.852994
332.040684,272.837662
332.307926,272.822254
332.575205,272.806768
336.850128,272.550279
337.116620,272.533793
337.384079,272.517181
337.651820,272.500494
337.920065,272.483717
338.188581,272.466878
338.457367,272.449980
338.726576,272.433033
338.996210,272.416041
339.266155,272.399034
339.536723,272.382002
339.807440,272.364998
340.078687,272.348010
340.350389,272.331068
340.622511,272.314186
345.034547,272.070131
345.313830,272.057644
345.594095,272.045591
345.874276,272.034050
346.154924,272.023011
346.436404,272.012493
346.717983,272.002540
346.999802,271.993176
347.282323,271.984403
347.565473,271.976254
347.848812,271.968761
348.132523,271.961947
348.416939,271.955823
348.701623,271.950429
348.986631,271.945773
353.603707,271.986426
353.895417,271.996829
354.187491,272.008191
354.479586,272.020536
354.772307,272.033865
355.065067,272.048189
355.358060,272.063496
355.651305,272.079818
355.944977,272.097148
356.238814,272.115503
356.532726,272.134857
356.826970,272.155258
357.121300,272.176672
357.415772,272.199132
357.710581,272.222634
362.440478,272.743960
362.736447,272.785815
363.032421,272.828770
363.328541,272.872872
363.624345,272.918035
363.920250,272.964346
364.216054,273.011757
364.511899,273.060314
364.807605,273.109971
365.103327,273.160779
365.398895,273.212690
365.694286,273.265724
365.989688,273.319896
366.285033,273.375218
366.580210,273.431654
371.281429,274.489562
371.573382,274.565358
371.865328,274.642353
372.156990,274.720492
372.448192,274.799713
372.739353,274.880147
373.030041,274.961662
373.320459,275.044329
373.610870,275.128212
373.900658,275.213150
374.190272,275.299259
374.479542,275.386504
374.768577,275.474908
375.057247,275.564444
375.345572,275.655107
379.910977,277.260583
380.191616,277.370006
380.472924,277.480970
380.753802,277.593058
381.034462,277.706351
381.314505,277.820695
381.594045,277.936130
381.873292,278.052749
382.151910,278.170408
382.430017,278.289161
382.707975,278.409161
382.985060,278.530099
383.261674,278.652146
383.537947,278.775362
383.813690,278.899664
388.098582,281.005965
388.351745,281.140776
388.602671,281.275535
388.851955,281.410550
389.100330,281.546196
389.344443,281.680630
389.587908,281.815805
389.829729,281.951172
397.943565,287.238960
401.152006,289.806904
401.350517,289.975315
401.549157,290.144866
401.747992,290.315637
401.946884,290.487486
402.145899,290.660497
402.344923,290.834548
402.544106,291.009801
402.743415,291.186208
402.942688,291.363661
403.142114,291.542306
403.341516,291.722025
403.540910,291.902812
403.740433,292.084829
403.939758,292.267760
407.109605,295.336712
407.305426,295.536936
407.501039,295.738267
407.696173,295.940472
407.890960,296.143663
408.085456,296.347945
408.279235,296.552849
408.472675,296.758813
408.665698,296.965734
408.858351,297.173707
409.050398,297.382456
409.241920,297.592108
409.433092,297.802834
409.623669,298.014408
409.813621,298.226771
412.771087,301.745049
412.950283,301.972275
413.128573,302.200089
413.306210,302.428852
413.483144,302.658475
413.659195,302.888765
413.834424,303.119774
414.008931,303.351669
414.182794,303.584535
414.355714,303.818006
414.527811,304.052222
414.699180,304.287345
414.869718,304.523214
415.039358,304.759768
415.208264,304.997216
417.790157,308.894811
417.943621,309.144241
418.096157,309.394376
418.247802,309.645302
418.398461,309.896848
418.548159,310.149079
418.696418,310.401318
418.843163,310.653394
418.988250,310.905127
419.131742,311.156549
419.273481,311.407421
419.413466,311.657650
419.551620,311.907116
419.688169,312.156128
419.822867,312.404251
421.765061,316.291284
421.874599,316.530418
421.982784,316.769064
422.089744,317.007436
422.195487,317.245581
422.300115,317.483669
422.403443,317.721309
422.505648,317.958843
422.606712,318.196266
422.706639,318.433520
422.805342,318.670436
422.903013,318.907409
422.999564,319.144264
423.095055,319.381083
423.189384,319.617656
424.560331,323.406024
424.638354,323.644965
424.715714,323.884555
424.792430,324.124883
424.868620,324.366215
424.944183,324.608292
425.019185,324.851233
425.093657,325.095223
425.167515,325.339907
425.240815,325.585558
425.313609,325.832284
425.385756,326.079714
425.457324,326.328009
425.528295,326.577212
425.598693,326.827352
426.632760,330.934772
426.691010,331.197307
426.748479,331.460551
426.805138,331.724530
426.860924,331.988874
426.915879,332.253922
426.970005,332.519615
427.023227,332.785744
427.075578,333.052373
427.127064,333.319700
427.177642,333.587417
427.227299,333.855619
427.276118,334.124655
427.323926,334.393759
427.370850,334.663522
427.988876,339.037386
428.018847,339.313837
428.047782,339.590675
428.075637,339.867726
428.102444,340.145153
428.128167,340.422827
428.152817,340.700714
428.176372,340.978805
428.198881,341.257530
428.220258,341.536116
428.240555,341.815001
428.259754,342.094294
428.277850,342.373691
428.294823,342.653226
428.310708,342.933240
428.410346,347.432548
428.406769,347.714543
428.402030,347.996712
428.396111,348.279035
428.389026,348.561408
428.380761,348.843686
428.371323,349.126121
428.360701,349.408553
428.348898,349.691120
428.335915,349.973522
428.321746,350.256071
428.306391,350.538521
428.289854,350.820955
428.272115,351.103518
428.253199,351.385924
427.789038,355.880369
427.750471,356.154056
427.710912,356.426098
427.670424,356.696360
427.629016,356.964817
427.586677,357.231813
427.543462,357.497018
427.499346,357.760822
427.454401,358.022808
427.408546,358.283655
427.361902,358.542668
427.314399,358.800438
427.266051,359.056862
427.216871,359.312040
427.166897,359.565745
426.254956,363.489764
426.190816,363.728509
426.125945,363.966171
426.060160,364.203509
425.993496,364.440335
425.926023,364.676480
425.857651,364.912416
425.788311,365.148406
425.717982,365.384619
425.646720,365.620862
425.574441,365.857490
425.501120,366.094547
425.426826,366.331871
425.351536,366.569483
425.275163,366.807714
423.913689,370.662968
423.819740,370.906065
423.724805,371.149172
423.628746,371.392578
423.531757,371.635814
423.433638,371.879321
423.334454,372.122960
423.234322,372.366379
423.133059,372.610055
423.030791,372.853618
422.927424,373.097319
422.823014,373.340963
422.717580,373.584534
422.611025,373.828193
422.503436,374.071766
420.638358,377.949067
420.512808,378.189491
420.386140,378.429756
420.258429,378.669670
420.129706,378.909202
419.999770,379.148682
419.868946,379.387528
419.737054,379.626038
419.603941,379.864503
419.469972,380.102228
419.334928,380.339632
419.198798,380.576691
419.061564,380.813458
418.923289,381.049786
418.783990,381.285667
416.413584,384.995354
416.256625,385.222805
416.098678,385.449641
415.939812,385.675748
415.779859,385.901375
415.618862,386.126440
415.456958,386.350763
415.293985,386.574551
415.130015,386.797715
414.965105,387.020158
414.799002,387.242233
414.632089,387.463407
414.464181,387.683939
414.295296,387.903789
414.125321,388.123113
411.275555,391.534106
411.089368,391.740963
410.902357,391.946923
410.714374,392.152147
410.525486,392.356559
410.335665,392.560188
410.144923,392.763018
409.953406,392.964895
409.760885,393.166057
409.567382,393.366480
409.373136,393.565913
409.178031,393.764478
408.981769,393.962473
408.784904,394.159337
408.587184,394.355325
405.306766,397.371712
405.094716,397.552459
404.881899,397.732230
404.668381,397.910978
404.454016,398.088818
404.238766,398.265788
404.022830,398.441713
403.806255,398.616566
403.588717,398.790600
403.370461,398.963624
403.151489,399.135629
402.931464,399.306885
402.711278,399.476690
402.490055,399.645736
402.268024,399.813829
398.686976,402.330815
398.469808,402.473710
398.253995,402.614798
398.039037,402.754350
397.825308,402.892208
397.612496,403.028512
397.400991,403.163088
397.190042,403.296355
396.980289,403.427972
396.771203,403.558213
396.563070,403.686959
396.355411,403.814447
396.148772,403.940393
395.942364,404.065226
395.736777,404.188630
392.446939,406.022904
392.234858,406.131701
392.021520,406.240031
391.807149,406.347785
391.591616,406.455020
391.374931,406.561733
391.157141,406.667894
390.938248,406.773503
390.718240,406.878558
390.497109,406.983062
390.274941,407.086968
390.051813,407.190239
389.827445,407.292997
389.602249,407.395051
389.375919,407.496533
385.630902,409.024788
385.389687,409.113814
376.289540,411.697033
376.027422,411.749813
375.765086,411.801459
375.502218,411.852025
375.239031,411.901471
374.975548,411.949785
374.711544,411.997011
374.447380,412.043074
370.246796,412.621724
369.994283,412.647967
369.743248,412.673158
369.493772,412.697273
369.245742,412.720364
368.998916,412.742434
368.754025,412.763453
368.509964,412.783500
368.267091,412.802572
368.025569,412.820636
367.785259,412.837732
367.545867,412.853861
367.307454,412.869040
367.070030,412.883250
366.833657,412.896508
363.139349,412.980393
362.912102,412.977642
362.685520,412.973955
362.458994,412.969327
362.232722,412.963757
362.006503,412.957245
361.780856,412.949800
361.555088,412.941410
361.329637,412.932081
361.104312,412.921817
360.879020,412.910604
360.653953,412.898462
360.429031,412.885380
360.204166,412.871363
359.979296,412.856398
356.386357,412.490146
356.161664,412.459359
355.937110,412.427664
355.712339,412.395029
355.487642,412.361480
355.262841,412.327008
355.038099,412.291624
354.813266,412.255319
354.588376,412.218086
354.363348,412.179926
354.138315,412.140847
353.913572,412.100917
353.688535,412.060019
353.463410,412.018204
353.238480,411.975511
349.635085,411.168600
349.409864,411.110871
349.184516,411.052583
348.959248,410.993872
348.734040,410.934784
348.508728,410.875321
348.283656,410.815597
348.058664,410.755596
347.833796,410.695341
347.609044,410.634845
347.384566,410.574157
347.160076,410.513210
346.935976,410.452116
346.711953,410.390800
346.488085,410.329284
342.933284,409.323886
342.712489,409.259879
342.491857,409.195759
342.270640,409.131315
342.050394,409.067002
341.830267,409.002576
341.610338,408.938065
341.391585,408.873760
341.172033,408.809083
340.952595,408.744307
340.733056,408.679371
340.513867,408.614412
340.294844,408.549378
340.075606,408.484160
339.856942,408.418994
336.370969,407.366283
336.153986,407.300011
335.937044,407.233676
335.720188,407.167294
335.503557,407.100909
335.286902,407.034446
335.070364,406.967951
334.853908,406.901415
334.637583,406.834853
334.421187,406.768207
334.205028,406.701571
333.988945,406.634899
333.772849,406.568163
333.556848,406.501400
333.340929,406.434605
329.896426,405.362458
329.681631,405.295245
329.467002,405.228047
329.252447,405.160838
329.037924,405.093604
328.823382,405.026331
328.608982,404.959070
328.394633,404.891794
328.180314,404.824495
327.966054,404.757185
327.751904,404.689880
327.537705,404.622531
327.323655,404.555201
327.109623,404.487849
326.895651,404.420489
323.479041,403.341772
323.265895,403.274307
323.052873,403.206863
322.839642,403.139337
322.626727,403.071894
322.413876,403.004456
322.200812,402.936935
321.988036,402.869490
321.775381,402.802069
321.562637,402.734605
321.349836,402.667108
321.137144,402.599633
320.924582,402.532186
320.711889,402.464684
320.499387,402.397230
317.104195,401.318001
316.892327,401.250573
316.680508,401.183154
316.468707,401.115731
316.257026,401.048340
316.045241,400.980908
315.833661,400.913533
315.622023,400.846133
315.410419,400.778737
315.198826,400.711337
314.987348,400.643967
314.775860,400.576588
314.564431,400.509221
314.353054,400.441864
314.141683,400.374503
310.764771,399.297617
310.553953,399.230349
310.343266,399.163119
310.132599,399.095892
309.921926,399.028659
309.711309,398.961440
309.500761,398.894240
309.290138,398.827013
309.079675,398.759833
308.869247,398.692661
308.658818,398.625486
308.448368,398.558301
308.238029,398.491147
308.027703,398.423996
307.817376,398.356841
304.457160,397.283625
304.247468,397.216633
304.037809,397.149650
303.828074,397.082641
303.618482,397.015676
303.408888,396.948708
303.199317,396.881747
302.989774,396.814792
302.780335,396.747869
302.570808,396.680917
302.361430,396.614010
302.151994,396.547084
301.942681,396.480195
301.733277,396.413276
301.524055,396.346413
298.179719,395.277481
297.971017,395.210766
291.723631,393.213356
291.515967,393.146954
291.308256,393.080536
291.100562,393.014123
290.892860,392.947707